Accession,Sex,Label,Label (O),Label (OO),Subgenus,Genetic?,Keeper,Sequence,INTERNAL,INTERNAL,INTERNAL
18225002,F,CladeX,CladeX,weird2,Eumel,Y,Y,,,,
18187012,M,bimatris,bimatris,bimatris,Eumel,Y,Y,--------------------------------------------------------------------------------------------------------tcatgcttttttaataattttttttatagtgataccttttttaattgggggttttggaaattgattaatgccaatgatgttaggatctcctgatatggcttttccacgaataaataatattagattttgattattaccttgttctttaatgtttttattattaagaaatttatttactataactcctggaactggatggactgtttaccctcctttgtcattatatatatttcatccttcaccttcngttgatattataattttttctttacatttgtcaggaatatcttcaattttaggagcaataaattttatagtaacaattataataataaaaaatttgtcaataaattttgatcaaattaatttattttcttgatctctttttattactgcagttttattattgttatctttaccggtattggcaggtgctattactatattattatttgatcgaaatttaaatacctctttttttgatccaatgggaggaggtgatccaattttatatcaacatttattttg------,G.Pederson,,
18187007,F,CladeCY,CladeC,agilis5,Eumel,Y,Y,------------------------------------------------------cctggtaaatgaattggcaatgatcagttatataactcatttgtaacagctcatgcttttttgataattttttttatagtaataccttttttaattgggggttttggaaattgattaatgccaatgatattaggatctcctgatatggcttttccacgaataaataatattagattttgattattaccttgttctttaatatttttattattaagaaatttatttactataactcctggaactggatggactgtttatcctcctttgtcattatatatatttcatccttcaccttctgttgatattataattttttctttgcatttgtcaggaatatcttcaattttaggggcaataaattttatagttacaattataataataaaaaatttgtcaataaattttgatcaaattaatttattttcttgatctctttttattactgcagttttattattattatctttaccagtattagcaggggctattactatattattatttgatcgaaatttaaatacctctttttttgatccaatgggaggaggtgatccaattttatatcaacatttattttg------,,,
18161001,F,CladeCY,CladeC,agilis5,Eumel,Y,Y,-------------------------------------------------------------aatgaattggcaatgatcagttatataactcatttgtaacagctcatgcttttttgataattttttttatagtaataccttttttaattgggggttttggaaattgattaatgccaatgatattaggatctcctgatatggcttttccacgaataaataacattagattttgattattaccttgttctttaatatttttattattaagaaatttatttactataactcctggaactggatggactgtttatcctcctttatcattgtatatatttcatccttcaccttctgttgatattataattttttctttgcatttgtcaggaatatcttcaattttaggggcaataaattttatagttacaattataataataaaaaatttgtcaataaattttgatcaaattaatttattttcttgatctctttttattactgcagttttattattattatctttaccggtattagcaggggctatcactatattattatttgatcgaaatttaaatacctctttttttgatccaatgggaggaggtgatccaattttatatcaacatttattttg------,,,
18067001,F,CladeX,CladeX,subagilis,Eumel,Y,Y,,,,
18064001,F,CladeX,CladeX,weird1,Eumel,Y,Y,--------------------------tttaattattcggatggaattgagatgtcctggtaaatgaattggtaacgatcagttatataattcatttgtaacggctcatgcttttttaataattttttttatagtaataccttttttaattgggggttttggaaattgattaatgccaatgatattaggatctcctgatatggcttttccacgaataaataatattagattttgattattaccttgttctttaatatttttattattaagaaatttatttactataactcctggaactggatggactgtttatcctcctttgtcattatatatatttcatccttcaccttctgttgatattataattttttctttgcatttgtcgggaatatcttcaattttaggggcaataaattttatagtaacaattataataataaaaaatttgtcaataaattttgatcaaattaatttattttcttgatctctttttattactgcagttttattattattatctttaccggtattggcaggagctatcactatattattatttgatcgaaatttaaatacctctttttttgatccaatgggaggaggtgatccaattttataccaacatttattttgat----,,,
18062005,F,CladeX,CladeX,subagilis2,Eumel,Y,Y,,,,
18050008,F,robustior,robustior,robustior,Eumel,y,Y,ctgggtataattggtacttctatgagtttaattattcgaatagagttaaggtgtccaggtaaatgaattggtaatgatcaattgtataattcatttgtaacggctcatgcttttttaataattttttttatagtaataccttttttaattgggggttttggaaattgattaataccaataatattgggatctcctgatatggcttttcctcgaataaataatattagattttgattattaccttgttctttgatgtttttattattgagaaatttatttactataactcctggaactggatgaactgtttatcctcctttatcatcttatatatttcatccttctccttctgttgatgttataattttttctttacatttatctggtatatcttctattttaggggcaataaattttatggttacaattataataataaaaaatttgtcaataaattttgatcagattaatttattttcttgatctctttttattactgcggttttattattattatctttaccagtgttggcaggtgctattactatgttattatttgatcggaatttaaatacctctttttttgatccgatgggaggaggtgatccgattttatatcagcatttattttg------,Lori Humphreys,,
18030003,F,CladeX,CladeX,subagilis,Eumel,Y,Y,--------------------------tttaatcattcggatggaattgagatgtcctggtaaatgaattggtaacgatcagttatataattcatttgtcacggctcatgcttttttaataattttttttatagcaataccttttttaagtgggggttttggaaattgattaatgccaatgatattaggatctcctgatttggcttttccacaaaaaaataaaattagattttgattattaccttgttctttaatatttttattattaagaaatttatttactacagctcctggaactggatggactgcttctcctcctttgtcattatatatatctcctccttcaccttctgttgatattattattttttctttgcattggacgggtatatcttcaagggtaggggcattaaattttatagtaacaattataataataaaaaatttgtcaataaattttgatcaaattattttattttcttgatctctttttattactgcagttttattattattatctttaccaggattggcaggagctattactatattattatttgatcgaaatttaaattcctctttttttgatccaatgggaggaggtgatccaattttataccaacatttattttg------,,,
18029014,M,bimatris,bimatris,bimatris,Eumel,Y,Y,-----------------------------------------------------------------------------tcaattatataattcatttgtaacggctcatgcttttttaataattttttttatagtgataccttttttaattgggggttttggaaattgattaatgccaatgatgttaggatctcctgatatggcttttccacgaataaataatattagattttgattattaccttgttctttaatgtttttattattaagaaatttatttactataactcctggaactggatggactgtttaccctcctttgtcannnnatatatttcatccttcaccttctgttgatattataattttttctttacatttgtcaggaatatcttcaattttaggagcaataaattttatagtaacaattataataataaaaaatttgtcaataaattttgatcaaattaatttattttcttgatctctttttattactgcagttttattattgttatctttaccggttttggcaggtgctattactatattattatttgatcgaaatttaaatacctctttttttgatccaatgggaggaggtgatccaattttatatcaacatttattttg------,Rocky Bessette,,
18001001,F,CladeCY,CladeC,agilis5,Eumel,Y,Y,------------------------------------------------------------aaatgaattggnaatgatcagttatataantcatttgtaacagctcatgcttttttgataattttttttatagtaataccttttttaattggggggtttggaaattgattaataccaatgatattaggatctcctgatatggcttttccacgaataaataacattagattttgattattaccttgttctttaatatttttattattaagaaatttatttactataactcctggaactggatggactgtttatcctcctttatcattgtatatatttcatccttcaccttctgttgatattataattttttctttgcatttgtcaggaatatcttcaattttaggggcaataaattttatagttacaattataataataaaaaatttgtcaataaattttgatcaaattaatttattttcttgatctctttttattactgcagttttattattattatctttaccggtattagcaggggctatcactatattattatttgatcgaaatttaaatacctctttttttgatccaatgggaggaggtgatccaattttatatcaacatttattttg------,,,
2500746,M,CladeCY,CladeC,agilis5,Eumel,Y,Y,,,,
2500745,M,CladeCY,CladeC,agilis5,Eumel,Y,Y,,,,
2500744,M,CladeCY,CladeC,agilis5,Eumel,Y,Y,,,,
2500743,M,CladeCY,CladeC,agilis5,Eumel,Y,Y,,,,
2500742,F,CladeCY,CladeC,agilis5,Eumel,Y,Y,,,,
2500740,M,CladeCY,CladeC,agilis5,Eumel,Y,Y,,,,
2500739,F,CladeCY,CladeC,agilis5,Eumel,Y,Y,,,,
2500737,F,CladeCY,CladeC,agilis5,Eumel,Y,Y,,,,
2500736,F,CladeCY,CladeC,agilis5,Eumel,Y,Y,,,,
2500733,M,CladeCY,CladeC,agilis5,Eumel,Y,Y,,,,
2500732,M,CladeCY,CladeC,agilis5,Eumel,Y,Y,,,,
2500728,F,CladeCY,CladeC,agilis5,Eumel,Y,Y,-,,,
2500727,F,CladeCY,CladeC,agilis5,Eumel,Y,Y,-,,,
2500726,F,CladeCY,CladeC,agilis5,Eumel,Y,Y,-,,,
2500725,M,CladeCY,CladeC,agilis5,Eumel,Y,Y,-,,,
2119346,M,CladeCY,CladeY,agilis7,Eumel,Y,Y,--------------------------tttaattattcgtatagaattaagatgccctggtaaatgaattggtaatgatcagttgtataattcatttgtaacagctcatgcttttttaataattttttttatagtaataccttttttaattgggggttttggaaattgattaataccaatgatattaggatctcctgatatggcttttccacgaataaataatattagattttgattattaccttgttctttaatatttttattattaagtaatttatttactataactcctggaactggatgaactatttatcctcctttgtcattatatatatttcatccttcaccttctgttgatattataattttttctttacatttgtcaggaatatcatcaattttaggggcaataaattttatagttacaattataataataaaaaatttgtcaataaattttgatcagattaatttattttcctgatctctttttattactgcagttttattattattatctttaccagtattagcaggggctattactatattgttatttgatcgaaatttaaatacctctttttttgatccaatgggaggaggtgatccaattttatatcaacatttattttgat----,,,
2046888,M,bimatris,bimatris,bimatris,Eumel,Y,Y,------------------tcaataagtttaattattcgtatggaattgagatgtcctggtaaatgaattggcaatgatcaattatataattcatttgtaacggctcatgcttttttaataattttttttatagtgataccttttttaattgggggttttggaaattgattaatgccaatgatgttaggatctcctgatatggcttttccacgaataaataatattagattttgattattaccttgttctttaatatttttattattaagaaatttatttactataactcctggaactggatggactgtttatcctcctttgtcattatatatatttcatccttcaccttctgttgatattataattttttctttacatttgtcaggaatatcttcaattttaggagcaataaattttatagtaacaattataataataaaaaatttgtcaataaattttgatcaaattaatttattttcttgatctctttttattactgcagttttattattgttatctttgccggtgttggcaggtgctattactatattattatttgatcgaaatttaaatacctctttttttgatccaataggaggaggtgatccaattttataccaacatttattttg------,,,
2036160,F,robustior,robustior,robustior,Eumel,Y,Y,--------aattggtacttctatgagtttaattattcgaatagagttaaggtgtccaggtaaatgaattggtaatgatcaattgtataattcatttgtaacggctcatgcttttttaataattttttttatagtaataccttttttaattgggggttttggaaattgattaataccaataatattgggatctcctgatatggcttttcctcgaataaataatattagattttgattattaccttgttctttgatgtttttattattgagaaatttatttactataactcctggaactggatgaactgtttatcctcctttatcatcttatatatttcatccttctccttctgttgatgttataattttttctttacatttatctggtatatcttcgattttaggggcaataaattttatggttacaattataataataaaaaatttgtcaataaattttgatcagattaatttattttcttgatctctttttattactgcggttttattattattatctttaccagtgttggcaggtgctattactatgttattatttgatcgaaatttaaatacctctttttttgatccgatgggaggaggtgatccaattttatatcaacatttattttg------,,,
2033386,M,CladeX,CladeX,subagilis,Eumel,Y,Y,,,,
2033186,M,CladeCY,CladeY,agilis7,Eumel,Y,Y,-------------------------------------gtatagaattaagatgtcctggtaaatgaattggtaatgatcagttgtataattcatttgtaacagctcatgcttttttaataattttttttatggtaataccttttttaattgggggttttgggaattgattaataccaatgatattaggatctcctgatatggcttttccacgaataaataatattagattttgattattaccttgttctttaatatttttattattaagtaatttatttactataactcctggaactggatgaactatttatcctcctttgtcattatatatttttcatccttcaccttctgttgatattataattttttctttacatttgtcaggaatatcctcaattttaggggcaataaattttatagttacaattataataataaaaaatttgtcaataaattttgatcagattaatttattttcctgatctctttttattactgcagttttactattgttatctttaccagtattagcaggggctattactatgttgttgtttgatcgaaatttaaatacctctttttttgatccaatgggaggaggtgatccaattttatatcaacatttattttg------,,,
2033185,F,utahensis,utahensis,utahensis,Eumel,Y,Y,------ataattggtacttcaataagtttaattattcgtatggaattaagatgtcctggtaaatgaattggtaatgatcagttatataattcatttgtaacggctcatgcttttttaataattttttttatagtaataccttttttgattgggggttttggaaattggttaatgccaataatattaggatctcctgatatggcttttccacgaatgaataatattagattttgattgttaccttgttctttaatgtttttattattaagaaatttatttactataactcctggaactggatggactgtttatcctcctttgtcattatatatatttcatccttcaccttctgttgatattataattttttctttgcatttgtcgggtatatcttcaattttaggagcaataaattttatagtaacaattataataataaaaaatttgtcaataaattttgatcagattaatttattttcttgatctctttttattactgcagttttattattgttatctttaccagtgttggcaggagctattactatattattatttgatcgaaatttaaatacttctttttttgatccaataggaggaggtgatccaattttatatcaacatttattttg------,,,
2033116,M,CladeCY,CladeY,agilis6,Eumel,Y,Y,-------------------------------------ggatggagttaagatgtcctggtaaatgaattggtaatgatcagttgtataactcatttgtaacagctcatgcttttttgataattttttttatagtaataccttttttaattgggggttttggaaattgattaataccaatgatattaggatctcctgatatggcttttccacgaataaataatattagattttgattattaccttgttctttaatatttttattattaagaaatttatttactataactcctggaactggatgaactatttaccctcctttgtcattatatatatttcatccttcaccttctgttgatattataattttttctttacatttgtcaggaatatcttcaattttaggggcaataaattttatagttacaattataataataaaaaatttgtcaataaattttgatcaaattaatttattttcctgatctctttttattactgcagttttattattattatctttaccagtattagcaggggctattactatattattatttgatcgaaatttaaatacctctttttttgatccaatgggaggaggtgatccaattttatatcaacatttattttg------,,,
2033053,M,CladeCY,CladeY,agilis7,Eumel,Y,Y,---------------acttcaataagtttaattattcgtatagaattaagatgccctggtaaatgaattggtaatgatcagttgtataattcatttgtaacagctcatgcttttttaataattttttttatagtaataccttttttaattgggggttttggaaattgattaataccaatgatattaggatctcctgatatggcttttccacgaataaataatattagattttgattattaccttgttctttaatatttttattattaagnaatttatttactataactcctggaactggatgaactatttatcctcctttgtcattatatatatttcatccttcaccttctgttgatattataattttttctttacatttgtcaggaatatcatcaattttaggggcaataaattttatagttacaattataataataaaaaatttgtcaataaattttgatcagattaatttattttcctgatctctttttattactgcagttttattattattatctttaccagtattagcaggggctattactatattgttatttgatcgaaatttaaatacctctttttttgatccaatgggaggaggtgatccaattttatatcaacatttattttg------,,,
2033052,M,CladeCY,CladeY,agilis7,Eumel,Y,Y,--------------------------tttaattattcgtatagaattaagatgccctggaaaatgaattggtaatgatcagttgtataattcatttgtaacagctcatgcttttttaataattttttttatagtaataccttttttaattgggggttttggaaattgattaataccaatgatattaggatctcctgatatggcttttccacgaataaataatattagattttgattattaccttgttctttaatatttttattattaagtaatttatttactataactcctggaactggatgaactatttatcctcctttgtcattatatatatttcatccttcaccttctgttgatattataattttttctttacatttgtcaggaatatcatcaattttaggggcaataaattttatagttacaattataataataaaaaatttgtcaataaattttgatcagattaatttattttcctgatctctttttattactgcagttttattattattatctttaccagtattagcaggggctattactatattgttatttgatcgaaatttaaatacctctttttttgatccaatgggaggaggtgatccaattttatatcaacatttattttgat----,,24-Jul,lines 23 or 24
2033004,F,saponellus,saponellus,saponellus,Eumel,Y,Y,-------------------------------------gaatggaattgagatgtcctggtaaatgaattggcaatgatcaattatataattcatttgtaacggctcatgcttttttaataattttttttatagttataccttttttaattgggggttttggaaattggttaatgccaataatattggggtctcctgatatagcttttcctcgtatgaataatattagattttggttgttgccttgttctttagtatttttgttattaagaaatttatttactataactcctggaactggatggactgtttatcctcctttgtcatcttatatatttcatccttctccttctgttgatgttataattttttctttacatttgtctggtatgtcttcaattttgggtgcaataaattttatggtgacaattgcaatgataaaaaatttgtcaataaattttgatcaaattaatttattttcttgatctctttttattactgcggttttattgttattatctttaccagtcttggcaggggctattactatattattatttgatcggaatttaaatacttctttctttgatccgatgggagggggtgatccaattttatatcaacatttattttg------,,July 23 2019,Line 21
2031355,M,bimatris,bimatris,bimatris,Eumel,Y,Y,---------------------------------------------------------------------------------ttgtataattcatttgtaacggctcatgcttttttaataattttttttatagtgataccttttttaattgggggttttggaaattgattaatgccaatgatgttaggatctcctgatatggcttttccacgaataaataatattagattttgattattaccttgttctttaatatttttattattaagaaatttatttactataactcctggaactggatggactgtttatcctcctttgnnnnnnnnngtgtttcatccttcaccttctgaaggggggataattttttctttacatttgtcaggaatatcttcaattttaggagcaataaattttatagtaacaattataataataaaaaatttgtcaataaattttgatcaaattaatttattttcttgatctctttttattactgcagttttgttattgttatctttgccggtgttggcaggtgctattactatattattatttgatcgaaatttaaatacctctttttttgatccaataggaggaggtgatccaattttataccaacatttattttg------,,19-Jul,lines 13-15
2031179,M,CladeCY,CladeY,agilis6,Eumel,Y,Y,-----------------------------------------------------tcctggtaaatgaattggtaatgatcagttgtataactcatttgtaacagctcatgcttttttgataattttttttatagtaataccttttttaattgggggttttggaaattgattaataccaatgatattaggatctcctgatatggcttttccacgaataaataatattagattttgattattaccttgttctttaatatttttattattaagaaatttatttactataactcctggaactggatgaactatttaccctcctttgtcattatatatatttcatccttcaccttctgttgatattataattttttctttacatttgtcaggaatatcttcaattttaggggcaataaattttatagttacaattataataataaaaaatttgtcaataaattttgatcaaattaatttattttcctgatctctttttattactgcagttttattattattatctttaccagtattagcaggggctattactatattattatttgatcgaaatttaaatacctctttttttgatccaatgggaggaggtgatccaattttatatcaacatttattttg------,,18-Jun,lines 1-3
2031176,M,USA01,USA01,bimatris,Eumel,Y,Y,--------------------------tttaattattcggatggaattaacatgtcctggtaaatgaattggtaacgatcagctatataattcatttgtaacggctcatgcttttttaataattttttttatagtaataccttttttaattgggggttttggaaattgattaatgccaatgatattaggatctcctgatatggcttttcctcgaataaataatattagattttgattattaccttgttctttaatgtttttattattaagaaatttatttactataactcctggaactggatggactgtttatcctcctttgtcattatatatatttcatccttcaccttctgttgatattataattttttctttacatttgtctggaatatcttcaattttaggagcaataaattttatagtaacaattataataataaaaaatttgtcaataaattttgatcaagttaatttattttcttgatcactttttattactgcagttttattactgttatctttaccggtattggcaggagctattactatattattatttgatcgaaatttaaatacttcattttttgatccaatgggaggaggtgatccaattttatatcaacatttattttgat----,,,
2031174,M,utahensis,utahensis,utahensis,Eumel,Y,Y,-------------------------------------gtatggaattgagatgtcctggtaaatgaattggtaacgatcagttatataattcatttgtaacggctcatgcttttttaataattttttttatagtaataccttttttgattgggggttttggaaattggttaatgccaataatattaggatctcctgatatggcttttccacgaataaataatattagattttgattgttaccttgttctttaatgtttttattattaagaaatttatttactataactcctggaactggatggactgtttatccacctttgtcattatatatatttcatccttcaccttctgttgatattataattttttctttgcatttgtcgggtatatcttcaattttaggagcaataaattttatagtaacaattataataataaaaaatttgtcaataaattttgatcaaattaatttattttcttgatctctttttattactgcagttttattgttgttatctttaccagtgttggcaggagctattactatattattatttgatcgaaatttaaatacttctttttttgatccaataggaggaggtgatccaattttatatcaacatttgttttg------,,,
2030974,F,CladeCY,CladeY,agilis7,Eumel,Y,Y,-----------------------------------------------------------------aattggtaatgatcagttgtataattcatttgtaacagctcatgcttttttaataattttttttatagtaataccttttttaattgggggttttggaaattgattaataccaatgatattaggatctcctgatatggcttttccacgaataaataatattagattttgattattaccttgttctttaatatttttattattaagaaatttatttactataactcctggaactggatgaactgtttatcctcctttgtcattatatatatttcatccttcaccttctgttgatattataattttttctttacatttgtcaggaatatcatcaattttaggggcaataaattttatagttacaattataataataaaaaatttgtcaataaattttgatcaaattaatttattttcctgatctctttttattactgcagttttattattattatctttaccagtattagcaggggctattactatattgttatttgatcgaaatttaaatacctctttttttgatccaatgggaggaggtgatccaattttatatcaacatttattttg------,,,
2030962,M,CladeCY,CladeY,agilis7,Eumel,Y,Y,---------------acttcaataagtttaattattcgtatagaattaagatgccctggtaaatgaattggtaatgatcagttgtataattcatttgtaacagctcatgcttttttaataattttttttatagtaataccttttttaattgggggttttggaaattgattaataccaatgatattaggatctcctgatatggcttttccacgaataaataatattagattttgattattaccttgttctttaatatttttattattaagnaatttatttactataactcctggaactggatgaactatttatcctcctttgtcattatatatatttcatccttcaccttctgttgatattataattttttctttacatttgtcaggaatatcatcaattttaggggcaataaattttatagttacaattataataataaaaaatttgtcaataaattttgatcagattaatttattttcctgatctctttttattactgcagttttattattattatctttaccagtattagcaggggctattactatattgttatttgatcgaaatttaaatacctctttttttgatccaatgggaggaggtgatccaattttatatcaacatttattttg------,,,
2030961,M,CladeCY,CladeC,agilis5,Eumel,Y,Y,-------------------------------------gtatggaattnagatgtcctggtaaatgaattggcaatgatcagttatataactcatttgtaacagctcatgcttttttgataattttttttatagtaataccttttttaattgggggttttggaaattgattaatgccaatgatattaggatctcctgatatggcttttccacgaataaataatattagattttgattattaccttgttctttaatatttttattattaagaaatttatttactataactcctggaactggatggactgtttatcctcctttatcattgtatatatttcatccttcaccttctgttgatattataattttttctttgcatttgtcaggaatatcttcaattttaggggcaataaattttatagttacaattataataataaaaaatttgtcaataaattttgatcaaattaatttattttcttgatctctttttattactgcagttttattattattatctttaccggtattggcaggggctatcactatattattatttgatcgaaatttaaatacctctttttttgatccaatgggaggaggtgatccaattttatatcaacatttattttg------,,,
2030937,M,CladeX,CladeX,subagilis,Eumel,Y,Y,,,,
2030936,F,USA01,USA01,bimatris,Eumel,Y,Y,------ataattggtacttcaataagtttaattattcggatggaattaagatgtcctggtaaatgaattggtaacgatcagttatataattcatttgtaacggctcatgcttttttaataattttttttatagtaataccttttttaattgggggttttggaaattgattaatgccaatgatattaggatctcctgatatggcttttcctcgaataaataatattagattttgattattaccttgttctttaatgtttttattattaagaaatttatttactataactcctggaactggatggactgtttatcctcctttgtcattatatatatttcatccttcaccttctgttgatattataattttttctttacatttgtctggaatatcttcaattttaggagcaataaattttatagtaacaattataataataaaaaatttgtcaataaattttgatcaaattaatttattttcttgatctctttttattactgcagttttattattgttatctttaccggtattggcaggagctattactatattattatttgatcgaaatttaaatacttctttttttgatccaatgggaggaggtgatccaattttatatcaacatttattttg------,,,
2030744,M,CladeCY,CladeY,agilis6,Eumel,Y,Y,-------------------------------------agatggacttaagatgtcctggaaaatgaattggtaatgatcagttgtataactcatttgtaacagctcatgcttttttaataattttttttatagtaataccttttttaattgggggttttggaaattgattaataccaatgatattatgatctcctgatatggcttttccacgaataaataatattagattttgattattaccttgttctttaatatttttattattaagaaatttatttactataactcctggaactggatgaactatttaccctcctttgtcattatatatatttcatccttcaccttctgttgatattataattttttctttacatttgtcaggaatatcttcaattttaggggcaataaattttatagttacaattataataataaaaaatttgtcaataaattttgatcaaattaatttattttcctgatctctttttattactgcagttttattattattatctttaccagtattagcaggggctattactatattattatttgatcgaaatttaaatacctctttttttgatccaatgggaggaggtgatccaattttatatcaacatttattttg------,,,
2030441,F,robustior,robustior,robustior,Eumel,Y,Y,--------aattggtacttctatgagtttaattattcgaatagagttaaggtgtccaggtaaatgaattggtaatgatcaattgtataattcatttgtaacggctcatgcttttttaataattttttttatagtaataccttttttaattgggggttttggaaattgattaataccaataatattgggatctcctgatatggcttttcctcgaataaataatattagattttgattattaccttgttctttgatgtttttattattgagaaatttatttactataactcctggaactggatgaactgtttatcctcctttatcatcttatatatttcatccttctccttctgttgatgttataattttttctttacatttatctggtatatcttcgattttaggggcaataaattttatggttacaattataataataaaaaatttgtcaataaattttgatcagattaatttattttcttgatctctttttattactgcggttttattattattatctttaccagtgttggcaggtgctattactatgttattatttgatcgaaatttaaatacctctttttttgatccgatgggaggaggtgatccgattttatatcaacatttattttg------,,,
2030056,M,utahensis,utahensis,utahensis,Eumel,Y,Y,,,,
2030055,F,utahensis,utahensis,utahensis,Eumel,Y,Y,-------------------------------------gtatggaattaagatgtcctggtaaatgaattggtaatgatcagttatataattcatttgtaacggctcatgcttttttaataattttttttatagtaataccttttttgattgggggttttggaaattggttaatgccaataatattaggatctcctgatatggcttttccacgaatgaataatattagattttgattgttaccttgttctttaatgtttttattattaagaaatttatttactataactcctggaactggatggactgtttatcctcctttgtcattatatatatttcatccttcaccttctgttgatattataattttttctttgcatttgtcgggtatatcttcaattttaggagcaataaattttatagtaacaattataataataaaaaatttgtcaataaattttgatcagattaatttattttcttgatctctttttattactgcagttttattattgttatctttaccagtgttggcaggagctattactatattattatttgatcgaaatttaaatacttctttttttgatccaataggaggaggtgatccaattttatatcaacatttattttg------,,,
2029793,F,CladeX,CladeX,subagilis,Eumel,Y,Y,,,,
2029792,F,CladeX,CladeX,subagilis,Eumel,Y,Y,,,,
2029772,M,CladeCY,CladeC,agilis5,Eumel,Y,Y,--------------------------tttaattattcgtatggaattaagatgtcctggtaaatgaattggcaatgatcagttatataactcatttgtaacagctcatgcttttttgataattttttttatagtaataccttttttaattgggggttttggaaattgattaatgccaatgatattaggatctcctgatatggcttttccacgaataaataatattagattttgattattaccttgttctttaatatttttattattaagaaatttatttactataactcctggaactggatggactgtttatcctcctttatcattgtatatatttcatccttcaccttctgttgatattataattttttctttgcatttgtcaggaatatcttcaattttaggggcaataaattttatagttacaattataataataaaaaatttgtcaataaattttgatcaaattaatttattttcttgatctctttttattactgcagttttattattattatctttaccggtattagcaggggctatcactatattattatttgatcgaaatttaaatacctctttttttgatccaatgggaggaggtgatccaattttatatcaacatttattttg------,,,
2019988,M,robustior,robustior,robustior,Eumel,Y,Y,------------------tctatgagtttaattattcgaatagagttaaggtgtccaggtaaatgaattggtaatgatcaattgtataattcatttgtaacggctcatgcttttttaataattttttttatagtaataccttttttaattgggggttttggaaattgattaataccaataatattgggatctcctgatatggcttttcctcgaataaataatattagattttgattattaccttgttctttgatgtttttattattgagaaatttatttactataactcctggaactggatgaactgtttatcctcctttatcatcttatatatttcatccttctccttctgttgatgttataattttttctttacatttatctggtatatcttcgattttaggggcaataaattttatggttacaattataataataaaaaatttgtcaataaattttgatcagattaatttattttcttgatctctttttattactgcggttttattattattatctttaccagtgttggcaggtgctattactatgttattatttgatcgaaatttaaatacctctttttttgatccgatgggaggaggtgatccgattttatatcaacatttattttg------,,,
2019982,M,CladeCY,CladeC,agilis5,Eumel,Y,Y,---------------acttcaataagtttaattattcgtatggaattaagatgtcctggtaaatgaattggcaatgatcagttatataactcatttgtaacagctcatgcttttttgataattttttttatagtaataccttttttaattgggggttttggaaattgattaatgccaatgatattaggatctcctgatatggcttttccacgaataaataacattagattttgattattaccttgttctttaatatttttattattaagaaatttatttactataactcctggaactggatggactgtttatcctcctttatcattgtatatatttcatccttcaccttctgttgatattataattttttctttgcatttgtcaggaatatcttcaattttaggggcaataaattttatagttacaattataataataaaaaatttgtcaataaattttgatcaaattaatttattttcttgatctctttttattactgcagttttattattattatctttaccggtattagcaggggctatcactatattattatttgatcgaaatttaaatacctctttttttgatccaatgggaggaggtgatccaattttatatcaacatttattttg------,,,
2019979,M,CladeX,CladeX,weird1,Eumel,Y,Y,--------------------------tttaattattcggatggaattaagatgtcctggtaaatgaattggtaacgatcagttatataattcatttgtaacggctcatgcttttttaataattttttttatagtaataccttttttaattgggggttttggaaattgattaatgccaatgatattaggatctcctgatatggcttttccacgaataaataacattagattttgattattaccttgttctttaatatttttattattaagaaatttatttactataactcctggaactggatggactgtttatcctcctttgtcattgtatatatttcatccttcaccttctgttgatattataattttttctttgcatttgtcgggaatatcttcaattttaggggcaataaattttatagtaacaattataataataaaaaatttgtcaatcaattttgatcaaattaatttattttcttgatctctttttattactgcagttttattattattatctttaccggtattggcaggagctatcactatattattatttgaccgaaatttaaatacctctttttttgatccaatgggaggaggtgatccaattttataccaacatttattttgat----,,,
2019953,F,CladeCY,CladeC,agilis5,Eumel,Y,Y,-------------------------------------gtatggaattaagatgtcctggtaaatgaattggcaatgatcagttatataactcatttgtaacagctcatgcttttttgataattttttttatagtaataccttttttaattgggggttttggaaattgattaatgccaatgatattaggatctcctgatatggcttttccacgaataaataacattagattttgattattaccttgttctttaatatttttattattaagaaatttatttactataactcctggaactggatggactgtttatcctcctttatcattgtatatatttcatccttcaccttctgttgatattataattttttctttgcatttgtcaggaatatcttcaattttaggggcaataaattttatagttacaattataataataaaaaatttgtcaataaattttgatcaaattaatttattttcttgatctctttttattactgcagttttattattattatctttaccggtattagcaggggctatcactatattattatttgaccgaaatttaaatacctctttttttgatccaatgggaggaggtgatccaattttatatcaacatttattttg------,,,
2019952,F,CladeCY,CladeY,alone2,Eumel,Y,Y,-------------------------------------------------------------------------------------ataactcatttgtaacggctcatgcttttttgataattttttttatagtaataccttttttaattgggggttttggaaattgattaatgccaatgatattaggatctcctgatatggcttttccacgaataaataatattagattttgattattaccttgttctttaatatttttattattaagaaatttatttactataactcctggaactggatggactgtttatcctcctttnnnnnnnnnnatnnttcatccttcaccttctgnnnnnnnnnnaattttttctttgcatttgtcaggaatatcttcaattttaggggcaataaattttatagtaacaattataataataaaaaatttgtcaataaattttgatcaaattaatttattttcttgatctctttttattactgcagttttattattattatctttaccagtattagcaggagctattactatattattatttgatcgaaatttaaatacctctttttttgatccaatgggaggaggtgatccaattttatatcaacatttattttg------,,,
2019940,F,CladeCY,CladeC,agilis5,Eumel,Y,Y,----------------------------------------------------------------gaattggnaatgatcagttatataattcatttgtaacngctcatgcttttttaataattttttttatagtaataccttttttaattgggggttttggaaattgattaatgccaatgatattaggatctcctgatatggcttttccacgaataaataacattagattttgattattaccttgttctttaatatttttattattaagaaatttatttactataactcctggaactggatggactgtttatcctcctttatcattgtatatatttcatccttcaccttctgttgatattattattttttctttgcatttgtcaggaatatcttcaattttaggggcaataaattttatagtnacaattataataataaaaaatttgtcaataaattttgatcaaattaatttattttcttgatctctttttattactgcagttttattattattatctttaccgg----------------------------------------------------------------------------------------------------------------,,,
2018658,F,saponellus,saponellus,saponellus,Eumel,Y,Y,------ataattggtacttcaataagtttaattattcgaatggaattgagatgtcctggtaaatgaattggcaatgatcaattatataattcatttgtaacggctcatgcttttttaataattttttttatagttataccttttttaattgggggttttggaaattggttaatgccaataatattggggtctcctgatatagcttttcctcgtatgaataatattagattttggttgttgccttgttctttagtatttttgttattaagaaatttatttactataactcctggaactggatggactgtttatcctcctttgtcatcttatatatttcatccttctccttctgttgatgttataattttttctttacatttgtctggtatgtcttcaattttgggtgcaataaattttatggtgacaattgcaatgataaaaaatttgtcaataaattttgatcaaattaatttattttcttgatctctttttattactgcggttttattattattatctttaccagtcttggcaggggctattactatattattatttgatcggaatttaaatacttctttctttgatccgatgggagggggtgatccaattttatatcaacatttattttg------,,,
2017672,M,robustior,robustior,robustior,Eumel,Y,Y,---------------acttctatgagtttaattattcgaatagagttacggtgtccaggtaaatgaattggtaatgatcaattgtataattcatttgtaacggctcatgcttttttaataattttttttatagtaataccttttttaattgggggttttggaaattgattaataccaataatattgggatctcctgatatggcttttcctcgaataaataatattagattttgattattaccttgttctttgatgtttttattattgagaaatttatttactataactcctggaactggatgaactgtttatcctcctttatcatcttatatatttcatccttctccttctgttgatgttataattttttctttacatttatctggtatatcttcgattttaggggcaataaattttatggttacaattataataataaaaaatttgtcaataaattttgatcagattaatttattttcttgatctctttttattactgcggttttattattattatctttaccagtgttggcaggtgctattactatgttattatttgatcgaaatttaaatacctctttttttgatccgatgggaggaggtgatccaattttatatcaacatttattttg------,,,
2006026,F,robustior,robustior,robustior,Eumel,Y,Y,--------aattggtacttctatgagtttaattattcgaatagagttaaggtgtccaggtaaatgaattggtaatgatcaattgtataattcatttgtaacggctcatgcttttttaataattttttttatagtaataccttttttaattgggggttttggaaattgattaataccaataatattgggatctcctgatatggcttttcctcgaataaataatattagattttgattattaccttgttctttgatgtttttattattgagaaatttatttactataactcctggaactggatgaactgtttatcctcctttatcatcttatatatttcatccttctccttctgttgatgttataattttttctttacatttatctggtatatcttcgattttaggggcaataaattttatggttacaattataataataaaaaatttgtcaataaattttgatcagattaatttattttcttgatctctttttattactgcggttttattattattatctttaccagtgttggcaggtgctattactatgttattatttgatcgaaatttaaatacctctttttttgatccgatgggaggaggtgatccgattttatatcaacatttattttg------,,,
1928981,F,bimatris,bimatris,bimatris,Eumel,Y,Y,------ataattggtacttcaataagtttaattattcgtatggaattgagatgtcctggtaaatgaattggcaatgatcaattatataattcatttgtaacggctcatgcttttttaataattttttttatagtgataccttttttaattgggggttttggaaattgattaatgccaatgatgttaggatctcctgatatggcttttccacgaataaataatattagattttgattattaccttgttctttaatgtttttattattaagaaatttatttactataactcctggaactggatggactgtttaccctcctttgtcattatatatatttcatccttcaccttctgttgatattataattttttctttacatttgtcaggaatatcttcaattttaggagcaataaattttatagtaacaattataataataaaaaatttgtcaataaattttgatcaaattaatttattttcttgatctctttttattactgcagttttattattgttatctttaccggttttggcaggtgctattactatattattatttgatcgaaatttaaatacctctttttttgatccaatgggaggaggtgatccaattttatatcaacatttattttg------,,,
1927868,M,Unk1,Unk1,alone3,Eumel,Y,Y,------------------------------------------------------------------------------------tataattcatttgtaacggctcatgcttttttaataattttttttatagtaataccttttttaattgggggttttggaaattgattaatgccaatgatattaggatctcctgatatggcttttccacgaataaataatattagattttgattattaccttgttctttaatatttttattattaagaaatttatttactataactcctggaactggatggactgtttatcctcctttgnnannnnnnntatttcatccttcaccttctgnnnnnnnnnnaattttttctttgcatttgtcaggaatatcttcaattttaggggcaataaattttatagtaacaattataataataaaaaatttgtcaataaattttgatcaaattaatttattttcttgatctctttttattactgcagttttattattattatctttaccagtattggcaggagctattactatattattatttgatcgaaatttaaatacctctttttttgatccaatgggaggaggtgatccaattttatatcaacatttattttg------,,,
1927867,M,robustior,robustior,robustior,Eumel,Y,Y,---------------acttctatgagtttaattattcgaatagagttaaggtgtccaggtaaatgaattggtaatgatcaattgtataattcatttgtaacggctcatgcttttttaataattttttttatagtaataccttttttaattgggggttttggaaattgattaataccaataatattgggatctcctgatatggcttttcctcgaataaataatattagattttgattattaccttgttctttgatgtttttattattgagaaatttatttactataactcctggaactggatgaactgtttatcctcctttatcatcttatatatttcatccttctccttctgttgatgttataattttttctttacatttatctggtatatcttcgattttaggggcaataaattttatggttacaattataataataaaaaatttgtcaataaattttgatcagattaatttattttcttgatctctttttattactgcagttttattattattatctttaccagtgttggcaggtgctattactatgttattatttgatcgaaatttaaatacctctttttttgatccgatgggaggaggtgatccgattttatatcaacatttattttg------,,,
1927860,M,CladeCY,CladeC,agilis5,Eumel,Y,Y,---------------acttcaataagtttaattattcgtatggaattaagatgtcctggtaaatgaattggcaatgatcagttatataactcatttgtaacagctcatgcttttttgataattttttttatagtaataccttttttaattgggggttttggaaattgattaatgccaatgatattaggatctcctgatatggcttttccacgaataaataacattagattttgattattaccttgttctttaatatttttattattaagaaatttatttactataactcctggaactggatggactgtttatcctcctttatcattgtatatatttcatccttcaccttctgttgatattataattttttctttgcatttgtcaggaatatcttcaattttaggggcaataaattttatagttacaattataataataaaaaatttgtcaataaattttgatcaaattaatttattttcttgatctctttttattactgcagttttattattattatctttaccggtattagcaggggctatcactatattattatttgatcgaaatttaaatacctctttttttgatccaatgggaggaggtgatccaattttatatcaacatttattttg------,,,
1927798,M,CladeCY,CladeC,agilis5,Eumel,Y,Y,--------------------------tttaattattcgtatggaattaagatgtcctggtaaatgaattggcaatgatcagttatataactcatttgtaacagctcatgcttttttgataattttttttatagtaataccttttttaattgggggttttggaaattgattaatgccaatgatattaggatctcctgatatggcttttccacgaataaataatattagattttgattattaccttgttctttaatatttttattattaagaaatttatttactataactcctggaactggatggactgtttatcctcctttatcattgtatatatttcatccttcaccttctgttgatattataattttttctttgcatttgtcaggaatatcttcaattttaggggcaataaattttatagttacaattataataataaaaaatttgtcaataaattttgatcaaattaatttattttcttgatctctttttattactgcagttttattattattatctttaccggtattagcaggggctatcactatattattatttgatcgaaatttaaatacctctttttttgatccaatgggaggaggtgatccaattttatatcaacatttattttgat----,,,
1927766,F,CladeX,CladeX,weird1,Eumel,Y,Y,--------------------------tttaattattcggatggaattaacatgtcctggtaaatgaattggcaacgatcagttatataactcatttgtaacagctcatgcttttttaataattttttttatagtaataccttttttaattgggggttttggaaattgattaatgccaatgatattaggatctcctgatatggcttttccacaaataaataacattagattttgattattaccttgctctttaatatttttattattaagaaatttatttactataactcctggaactggatggactgtttatcctcctttgtcattatatatatttcatccttcaccttctgttgatattataattttttctttgcatttggcgggaatatcctcaattttaggggcaataaattttatagtaacaattataataataaaaaatttgtcaataaattttgatcaaattaatttattttcttgatctctttttatcactgcagttctattattattatctttaccggtattggcaggagctatcactatattatcatttgatcgaaatttaaatacctctttctttgagccgatgggaggaggtgatccaattctatacccacatttattctgat----,,,
1927737,F,CladeCY,CladeY,agilis7,Eumel,Y,Y,,,,
1927593,M,CladeCY,CladeC,agilis5,Eumel,Y,Y,---------------acttcaataagtttaattattcgtatggaattnagatgtcctggtaaatgaattggcaatgatcagttatataactcatttgtaacagctcatgcttttttgataattttttttatagtaataccttttttaattgggggttttggaaattgattaatgccaatgatattaggatctcctgatatggcttttccacgaataaataatattagattttgattattaccttgttctttaatatttttattattaagaaatttatttactataactcctggaactggatggactgtttatcctcctttatcattgtatatatttcatccttcaccttctgttgatattataattttttctttgcatttgtcaggaatatcttcaattttaggggcaataaattttatagttacaattataataataaaaaatttgtcaataaattttgatcaaattaatttattttcttgatctctttttattactgcagttttattattattatctttaccggtattagcaggggctatcactatattattatttgatcgaaatttaaatacctctttttttgatccaatgggaggaggtgatccaattttatatcaacatttattttg------,,,
1926561,F,saponellus,saponellus,saponellus,Eumel,Y,Y,-------------------------------------gaatggaattgagatgtcctggtaaatggattggcaatgatcaattatataattcatttgtaacggctcatgcttttttaataattttttttatagttataccttttttaattgggggttttggaaattggttaatgccaataatattggggtctcctgatatagcttttcctcgtatgaataatattagattttggttgttgccttgttctttagtatttttgttattaagaaatttatttactataactcctggaactggatggactgtttatcctcctttgtcatcttatatatttcatccttctccttctgttgatgttataattttttctttacatttgtctggtatgtcttcaattttgggtgcaataaattttatggtgacaattgcaatgataaaaaatttgtcaataaattttgatcaaattaatttattttcttgatctctttttattactgcggttttattattattatctttaccagtcttggcaggggctattactatattattatttgatcggaatttaaatacttctttctttgatccgatgggagggggtgatccaattttatatcaacatttattttg------,,,
1925743,F,bimatris,bimatris,bimatris,Eumel,Y,Y,------ataattggtacttcaataagtttaattattcgtatggaattgagatgtcctggtaaatgaattggcaatgatcaattatataattcatttgtaacggctcatgcttttttaataattttttttatagtgataccttttttaattgggggttttggaaattgattaatgccaatgatgttaggatctcctgatatggcttttccacgaataaataatattagattttgattattaccttgttctttaatgtttttattattaagaaatttatttactataactcctggaactggatggactgtttaccctcctttgtcattatatatatttcatccttcaccttctgttgatattataattttttctttacatttgtcaggaatatcttcaattttaggagcaataaattttatagtaacaattataataataaaaaatttgtcaataaattttgatcaaattaatttattttcttgatctctttttattactgcagttttattattgttatctttaccggttttggcaggtgctattactatattattatttgatcgaaatttaaatacctctttttttgatccaatgggaggaggtgatccaattttatatcaacatttattttg------,,,
1924132,F,bimatris,bimatris,bimatris,Eumel,Y,Y,-------taattggtacttcaataagtttaattattcgtatggaattgagatgtcctggtaaatgaattggcaatgatcaattatataattcatttgtaacggctcatgcttttttaataattttttttatagtgataccttttttaattgggggttttggaaattgattaatgccaatgatgttaggatctcctgatatggcttttccacgaataaataatattagattttgattattaccttgttctttaatgtttttattattaagaaatttatttactataactcctggaactggatggactgtttaccctcctttgtcattatatatatttcatccttcaccttctgttgatattataattttttctttacatttgtcaggaatatcttcaattttaggagcaataaattttatagtaacaattataataataaaaaatttgtcaataaattttgatcaaattaatttattttcttgatctctttttattactgcagttttattattgttatctttaccggttttggcaggtgctattactatattattatttgatcgaaatttaaatacctctttttttgatccaatgggaggaggtgatccaattttatatcaacatttattttg------,,,
1911108,F,CladeCY,CladeY,agilis7,Eumel,Y,Y,---------------------------------------------------------------------------------------------------------------tttttaataattttttttatagtaataccttttttaattgggggttttggaaattgattaataccaatgatattaggatctcctgatatggcttttccacgaataaataatattagattttgattattaccttgttctttaatatttttattattaagtaatttatttactataactcctggaactggatgaactatttatcctcctttgtcattatatatatttcatccttcaccttctgttgatattataattttttctttacatttgtcaggaatatcatcaattttaggggcaataaattttatagttacaattataataataaaaaatttgtcaataaattttgatcagattaatttattttcctgatctctttttattactgcagttttattattattatctttaccagtattagcaggggctattactatattgttatttgatcgaaatttaaatacctctttttttgatccaatgggaggaggtgatccaattttatatcaacatttattttg------,,,
1911103,F,CladeCY,CladeY,agilis7,Eumel,Y,Y,--------------------------tttaattattcgtatagaattaagatgccctggtaaatgaattggtaatgatcagttgtataattcatttgtaacagctcatgcttttttaataattttttttatagtaataccttttttaattgggggttttggaaattgattaataccaatgatattaggatctcctgatatggcttttccacgaataaataatattagattttgattattaccttgttctttaatatttttattattaagtaatttatttactataactcctggaactggatgaactatttatcctcctttgtcattatatatatttcatccttcaccttctgttgatattataattttttctttacatttgtcaggaatatcatcaattttaggggcaataaattttatagttacaattataataataaaaaatttgtcaataaattttgatcagattaatttattttcctgatctctttttattactgcagttttattattattatctttaccagtattagcaggggctattactatattgttatttgatcgaaatttaaatacctctttttttgatccaatgggaggaggtgatccaattttatatcaacatttattttg------,,,
1911074,M,CladeX,CladeX,subagilis2,Eumel,Y,Y,------------------tcaataagtttaattattcggatggaattgagatgtcctggtaaatgaattggtaacgatcagttatataattcatttgtaacggctcatgcttttttaataattttttttatagtaataccttttttaattgggggttttggaaattgattaatgccaatgatattaggatctcctgatatggcttttccacgaataaataatattagattttgattattaccttgttctttaatatttttattattaagaaatttatttactataactcctggaactggatggactgtttatcctcctttgtcattatatatatttcatccttcaccttctgttgatattataattttttctttgcatttgtcgggtatatcttcaattttaggggcaataaattttatagtaacaattataataataaaaaatttgtcaataaattttgatcaaattaatttattttcttgatctctttttattactgcagttttattattattatctttaccagtattggcaggagctattactatattattatttgatcgaaatttagatacctctttttttgatccaatgggaggaggtgatccaattttataccaacatttattttg------,,,
