Accession,Sex,Label,Subgenus,Sequence,INTERNAL,INTERNAL,INTERNAL
1911074,M,CladeX,Eumel,------------------tcaataagtttaattattcggatggaattgagatgtcctggtaaatgaattggtaacgatcagttatataattcatttgtaacggctcatgcttttttaataattttttttatagtaataccttttttaattgggggttttggaaattgattaatgccaatgatattaggatctcctgatatggcttttccacgaataaataatattagattttgattattaccttgttctttaatatttttattattaagaaatttatttactataactcctggaactggatggactgtttatcctcctttgtcattatatatatttcatccttcaccttctgttgatattataattttttctttgcatttgtcgggtatatcttcaattttaggggcaataaattttatagtaacaattataataataaaaaatttgtcaataaattttgatcaaattaatttattttcttgatctctttttattactgcagttttattattattatctttaccagtattggcaggagctattactatattattatttgatcgaaatttagatacctctttttttgatccaatgggaggaggtgatccaattttataccaacatttattttg------,,,
1911103,F,CladeCY,Eumel,--------------------------tttaattattcgtatagaattaagatgccctggtaaatgaattggtaatgatcagttgtataattcatttgtaacagctcatgcttttttaataattttttttatagtaataccttttttaattgggggttttggaaattgattaataccaatgatattaggatctcctgatatggcttttccacgaataaataatattagattttgattattaccttgttctttaatatttttattattaagtaatttatttactataactcctggaactggatgaactatttatcctcctttgtcattatatatatttcatccttcaccttctgttgatattataattttttctttacatttgtcaggaatatcatcaattttaggggcaataaattttatagttacaattataataataaaaaatttgtcaataaattttgatcagattaatttattttcctgatctctttttattactgcagttttattattattatctttaccagtattagcaggggctattactatattgttatttgatcgaaatttaaatacctctttttttgatccaatgggaggaggtgatccaattttatatcaacatttattttg------,,,
1911108,F,CladeCY,Eumel,---------------------------------------------------------------------------------------------------------------tttttaataattttttttatagtaataccttttttaattgggggttttggaaattgattaataccaatgatattaggatctcctgatatggcttttccacgaataaataatattagattttgattattaccttgttctttaatatttttattattaagtaatttatttactataactcctggaactggatgaactatttatcctcctttgtcattatatatatttcatccttcaccttctgttgatattataattttttctttacatttgtcaggaatatcatcaattttaggggcaataaattttatagttacaattataataataaaaaatttgtcaataaattttgatcagattaatttattttcctgatctctttttattactgcagttttattattattatctttaccagtattagcaggggctattactatattgttatttgatcgaaatttaaatacctctttttttgatccaatgggaggaggtgatccaattttatatcaacatttattttg------,,,
1918440,F,rivalis,Helio,------ataattggtacttcaataagtttaattattcggatggaattgagatgtcctggtaaatgaattggtaatgatcagttatataattcatttgtaacagctcatgcttttttaataattttttttatagtaataccttttttaattgggggttttggaaattgattaatgccaataatattaggatctcctgatatggcttttccgcgaataaataatattagattttgattgttgccttgttctttagtatttttattattaagtaatttatttactataactcctggaactggatggactgtttatcctcctttgtcattatatacatttcatccttcgccttctgttgatattataattttttctttacatttgtcgggtatatcttcaattttaggggcaataaattttatagtaacaattataataataaaaaatttgtcaataaattttgatcaaattaatttattttcttgatctctttttattactgcagttttattattattgtctttaccagtgttggcaggagctattactatattattatttgatcggaatttaaatacctctttttttgatccaatggggggtggtgatccaattttatatcaacatttattttg------,,,
1921399,F,communis,Meli,found,,,
1924132,F,bimatris,Eumel,-------taattggtacttcaataagtttaattattcgtatggaattgagatgtcctggtaaatgaattggcaatgatcaattatataattcatttgtaacggctcatgcttttttaataattttttttatagtgataccttttttaattgggggttttggaaattgattaatgccaatgatgttaggatctcctgatatggcttttccacgaataaataatattagattttgattattaccttgttctttaatgtttttattattaagaaatttatttactataactcctggaactggatggactgtttaccctcctttgtcattatatatatttcatccttcaccttctgttgatattataattttttctttacatttgtcaggaatatcttcaattttaggagcaataaattttatagtaacaattataataataaaaaatttgtcaataaattttgatcaaattaatttattttcttgatctctttttattactgcagttttattattgttatctttaccggttttggcaggtgctattactatattattatttgatcgaaatttaaatacctctttttttgatccaatgggaggaggtgatccaattttatatcaacatttattttg------,,,
1925743,F,bimatris,Eumel,------ataattggtacttcaataagtttaattattcgtatggaattgagatgtcctggtaaatgaattggcaatgatcaattatataattcatttgtaacggctcatgcttttttaataattttttttatagtgataccttttttaattgggggttttggaaattgattaatgccaatgatgttaggatctcctgatatggcttttccacgaataaataatattagattttgattattaccttgttctttaatgtttttattattaagaaatttatttactataactcctggaactggatggactgtttaccctcctttgtcattatatatatttcatccttcaccttctgttgatattataattttttctttacatttgtcaggaatatcttcaattttaggagcaataaattttatagtaacaattataataataaaaaatttgtcaataaattttgatcaaattaatttattttcttgatctctttttattactgcagttttattattgttatctttaccggttttggcaggtgctattactatattattatttgatcgaaatttaaatacctctttttttgatccaatgggaggaggtgatccaattttatatcaacatttattttg------,,,
1926561,F,saponellus,Eumel,-------------------------------------gaatggaattgagatgtcctggtaaatggattggcaatgatcaattatataattcatttgtaacggctcatgcttttttaataattttttttatagttataccttttttaattgggggttttggaaattggttaatgccaataatattggggtctcctgatatagcttttcctcgtatgaataatattagattttggttgttgccttgttctttagtatttttgttattaagaaatttatttactataactcctggaactggatggactgtttatcctcctttgtcatcttatatatttcatccttctccttctgttgatgttataattttttctttacatttgtctggtatgtcttcaattttgggtgcaataaattttatggtgacaattgcaatgataaaaaatttgtcaataaattttgatcaaattaatttattttcttgatctctttttattactgcggttttattattattatctttaccagtcttggcaggggctattactatattattatttgatcggaatttaaatacttctttctttgatccgatgggagggggtgatccaattttatatcaacatttattttg------,,,
1927593,M,CladeCY,Eumel,---------------acttcaataagtttaattattcgtatggaattnagatgtcctggtaaatgaattggcaatgatcagttatataactcatttgtaacagctcatgcttttttgataattttttttatagtaataccttttttaattgggggttttggaaattgattaatgccaatgatattaggatctcctgatatggcttttccacgaataaataatattagattttgattattaccttgttctttaatatttttattattaagaaatttatttactataactcctggaactggatggactgtttatcctcctttatcattgtatatatttcatccttcaccttctgttgatattataattttttctttgcatttgtcaggaatatcttcaattttaggggcaataaattttatagttacaattataataataaaaaatttgtcaataaattttgatcaaattaatttattttcttgatctctttttattactgcagttttattattattatctttaccggtattagcaggggctatcactatattattatttgatcgaaatttaaatacctctttttttgatccaatgggaggaggtgatccaattttatatcaacatttattttg------,,,
1927737,F,CladeCY,Eumel,,,,
1927766,F,CladeX,Eumel,--------------------------tttaattattcggatggaattaacatgtcctggtaaatgaattggcaacgatcagttatataactcatttgtaacagctcatgcttttttaataattttttttatagtaataccttttttaattgggggttttggaaattgattaatgccaatgatattaggatctcctgatatggcttttccacaaataaataacattagattttgattattaccttgctctttaatatttttattattaagaaatttatttactataactcctggaactggatggactgtttatcctcctttgtcattatatatatttcatccttcaccttctgttgatattataattttttctttgcatttggcgggaatatcctcaattttaggggcaataaattttatagtaacaattataataataaaaaatttgtcaataaattttgatcaaattaatttattttcttgatctctttttatcactgcagttctattattattatctttaccggtattggcaggagctatcactatattatcatttgatcgaaatttaaatacctctttctttgagccgatgggaggaggtgatccaattctatacccacatttattctgat----,,,
1927798,M,CladeCY,Eumel,--------------------------tttaattattcgtatggaattaagatgtcctggtaaatgaattggcaatgatcagttatataactcatttgtaacagctcatgcttttttgataattttttttatagtaataccttttttaattgggggttttggaaattgattaatgccaatgatattaggatctcctgatatggcttttccacgaataaataatattagattttgattattaccttgttctttaatatttttattattaagaaatttatttactataactcctggaactggatggactgtttatcctcctttatcattgtatatatttcatccttcaccttctgttgatattataattttttctttgcatttgtcaggaatatcttcaattttaggggcaataaattttatagttacaattataataataaaaaatttgtcaataaattttgatcaaattaatttattttcttgatctctttttattactgcagttttattattattatctttaccggtattagcaggggctatcactatattattatttgatcgaaatttaaatacctctttttttgatccaatgggaggaggtgatccaattttatatcaacatttattttgat----,,,
1927860,M,CladeCY,Eumel,---------------acttcaataagtttaattattcgtatggaattaagatgtcctggtaaatgaattggcaatgatcagttatataactcatttgtaacagctcatgcttttttgataattttttttatagtaataccttttttaattgggggttttggaaattgattaatgccaatgatattaggatctcctgatatggcttttccacgaataaataacattagattttgattattaccttgttctttaatatttttattattaagaaatttatttactataactcctggaactggatggactgtttatcctcctttatcattgtatatatttcatccttcaccttctgttgatattataattttttctttgcatttgtcaggaatatcttcaattttaggggcaataaattttatagttacaattataataataaaaaatttgtcaataaattttgatcaaattaatttattttcttgatctctttttattactgcagttttattattattatctttaccggtattagcaggggctatcactatattattatttgatcgaaatttaaatacctctttttttgatccaatgggaggaggtgatccaattttatatcaacatttattttg------,,,
1927867,M,robustior,Eumel,---------------acttctatgagtttaattattcgaatagagttaaggtgtccaggtaaatgaattggtaatgatcaattgtataattcatttgtaacggctcatgcttttttaataattttttttatagtaataccttttttaattgggggttttggaaattgattaataccaataatattgggatctcctgatatggcttttcctcgaataaataatattagattttgattattaccttgttctttgatgtttttattattgagaaatttatttactataactcctggaactggatgaactgtttatcctcctttatcatcttatatatttcatccttctccttctgttgatgttataattttttctttacatttatctggtatatcttcgattttaggggcaataaattttatggttacaattataataataaaaaatttgtcaataaattttgatcagattaatttattttcttgatctctttttattactgcagttttattattattatctttaccagtgttggcaggtgctattactatgttattatttgatcgaaatttaaatacctctttttttgatccgatgggaggaggtgatccgattttatatcaacatttattttg------,,,
1927868,M,Unk1,Eumel,------------------------------------------------------------------------------------tataattcatttgtaacggctcatgcttttttaataattttttttatagtaataccttttttaattgggggttttggaaattgattaatgccaatgatattaggatctcctgatatggcttttccacgaataaataatattagattttgattattaccttgttctttaatatttttattattaagaaatttatttactataactcctggaactggatggactgtttatcctcctttgnnannnnnnntatttcatccttcaccttctgnnnnnnnnnnaattttttctttgcatttgtcaggaatatcttcaattttaggggcaataaattttatagtaacaattataataataaaaaatttgtcaataaattttgatcaaattaatttattttcttgatctctttttattactgcagttttattattattatctttaccagtattggcaggagctattactatattattatttgatcgaaatttaaatacctctttttttgatccaatgggaggaggtgatccaattttatatcaacatttattttg------,,,
1928981,F,bimatris,Eumel,------ataattggtacttcaataagtttaattattcgtatggaattgagatgtcctggtaaatgaattggcaatgatcaattatataattcatttgtaacggctcatgcttttttaataattttttttatagtgataccttttttaattgggggttttggaaattgattaatgccaatgatgttaggatctcctgatatggcttttccacgaataaataatattagattttgattattaccttgttctttaatgtttttattattaagaaatttatttactataactcctggaactggatggactgtttaccctcctttgtcattatatatatttcatccttcaccttctgttgatattataattttttctttacatttgtcaggaatatcttcaattttaggagcaataaattttatagtaacaattataataataaaaaatttgtcaataaattttgatcaaattaatttattttcttgatctctttttattactgcagttttattattgttatctttaccggttttggcaggtgctattactatattattatttgatcgaaatttaaatacctctttttttgatccaatgggaggaggtgatccaattttatatcaacatttattttg------,,,
2003919,F,lupinus,Calli,found,,,
2005507,F,communis,Meli,-------------------------------------gtatagagttgaggtgtcctggtaaatgaattaataatgatcaattatataattcatttgttacagctcatgcttttttaataattttttttatggttataccttttttaattgggggttttggtaattgattaataccaataatattaggatctcctgatatagcttttcctcgaatgaataatattagattttgattacttccttgttctttattattattattattaaggaatttatttagggtaactccgggaacaggttgaactatttatcctccattatcatcatatatttttcatccttctccttcagttgatgtaataattttttctttacatttatctggtatatcctcaattttaggggcaataaattttatggtaacaattataataatgaaaaattactctatgaattttgatcagattaatttattttcttgatcattatttattacggctgtcttactattattatctttaccagtgttggcaggtgcaattactatattattatttgatcgtaatttaaatacttcattttttgaccctatagggggtggagatccaattttgtaccagcatttattttg------,,,
2006026,F,robustior,Eumel,--------aattggtacttctatgagtttaattattcgaatagagttaaggtgtccaggtaaatgaattggtaatgatcaattgtataattcatttgtaacggctcatgcttttttaataattttttttatagtaataccttttttaattgggggttttggaaattgattaataccaataatattgggatctcctgatatggcttttcctcgaataaataatattagattttgattattaccttgttctttgatgtttttattattgagaaatttatttactataactcctggaactggatgaactgtttatcctcctttatcatcttatatatttcatccttctccttctgttgatgttataattttttctttacatttatctggtatatcttcgattttaggggcaataaattttatggttacaattataataataaaaaatttgtcaataaattttgatcagattaatttattttcttgatctctttttattactgcggttttattattattatctttaccagtgttggcaggtgctattactatgttattatttgatcgaaatttaaatacctctttttttgatccgatgggaggaggtgatccgattttatatcaacatttattttg------,,,
2013525,F,lupinus,Calli,-------------------------------------gaatagaattgaggtgtcctggaaaatgaattggtaatgatcaattatacaattcattcgtaacagctcatgcatttttaataattttttttatagttataccttttttaattggaggatttggaaattggcttataccaataatactaggttctcctgatatagcatttcctcgaataaataatattagattttgattattaccttgttcattgattttattattgctgagaaatttatttacaataactccgggaacaggatgaactatttatcctcctttatcattatttatatttcatccttcaccttccgttgatgttataattttttctttacatttatcaggaatttcatcaattttaggtgcaataaattttatagtaacaattataataataaaaaatctttcaataagttttgatcaaattaatttgttttcttgatctttatttattactgctattttattattattatctttacccgtgttggctggagcaattactatattgttatttgatcgaaatttgaatacttctttttttgatcctataggaggaggggatcctattttataccagcatttgttttg------,,,
2017672,M,robustior,Eumel,---------------acttctatgagtttaattattcgaatagagttacggtgtccaggtaaatgaattggtaatgatcaattgtataattcatttgtaacggctcatgcttttttaataattttttttatagtaataccttttttaattgggggttttggaaattgattaataccaataatattgggatctcctgatatggcttttcctcgaataaataatattagattttgattattaccttgttctttgatgtttttattattgagaaatttatttactataactcctggaactggatgaactgtttatcctcctttatcatcttatatatttcatccttctccttctgttgatgttataattttttctttacatttatctggtatatcttcgattttaggggcaataaattttatggttacaattataataataaaaaatttgtcaataaattttgatcagattaatttattttcttgatctctttttattactgcggttttattattattatctttaccagtgttggcaggtgctattactatgttattatttgatcgaaatttaaatacctctttttttgatccgatgggaggaggtgatccaattttatatcaacatttattttg------,,,
2018658,F,saponellus,Eumel,------ataattggtacttcaataagtttaattattcgaatggaattgagatgtcctggtaaatgaattggcaatgatcaattatataattcatttgtaacggctcatgcttttttaataattttttttatagttataccttttttaattgggggttttggaaattggttaatgccaataatattggggtctcctgatatagcttttcctcgtatgaataatattagattttggttgttgccttgttctttagtatttttgttattaagaaatttatttactataactcctggaactggatggactgtttatcctcctttgtcatcttatatatttcatccttctccttctgttgatgttataattttttctttacatttgtctggtatgtcttcaattttgggtgcaataaattttatggtgacaattgcaatgataaaaaatttgtcaataaattttgatcaaattaatttattttcttgatctctttttattactgcggttttattattattatctttaccagtcttggcaggggctattactatattattatttgatcggaatttaaatacttctttctttgatccgatgggagggggtgatccaattttatatcaacatttattttg------,,,
2019940,F,CladeCY,Eumel,----------------------------------------------------------------gaattggnaatgatcagttatataattcatttgtaacngctcatgcttttttaataattttttttatagtaataccttttttaattgggggttttggaaattgattaatgccaatgatattaggatctcctgatatggcttttccacgaataaataacattagattttgattattaccttgttctttaatatttttattattaagaaatttatttactataactcctggaactggatggactgtttatcctcctttatcattgtatatatttcatccttcaccttctgttgatattattattttttctttgcatttgtcaggaatatcttcaattttaggggcaataaattttatagtnacaattataataataaaaaatttgtcaataaattttgatcaaattaatttattttcttgatctctttttattactgcagttttattattattatctttaccgg----------------------------------------------------------------------------------------------------------------,,,
2019952,F,CladeCY,Eumel,-------------------------------------------------------------------------------------ataactcatttgtaacggctcatgcttttttgataattttttttatagtaataccttttttaattgggggttttggaaattgattaatgccaatgatattaggatctcctgatatggcttttccacgaataaataatattagattttgattattaccttgttctttaatatttttattattaagaaatttatttactataactcctggaactggatggactgtttatcctcctttnnnnnnnnnnatnnttcatccttcaccttctgnnnnnnnnnnaattttttctttgcatttgtcaggaatatcttcaattttaggggcaataaattttatagtaacaattataataataaaaaatttgtcaataaattttgatcaaattaatttattttcttgatctctttttattactgcagttttattattattatctttaccagtattagcaggagctattactatattattatttgatcgaaatttaaatacctctttttttgatccaatgggaggaggtgatccaattttatatcaacatttattttg------,,,
2019953,F,CladeCY,Eumel,-------------------------------------gtatggaattaagatgtcctggtaaatgaattggcaatgatcagttatataactcatttgtaacagctcatgcttttttgataattttttttatagtaataccttttttaattgggggttttggaaattgattaatgccaatgatattaggatctcctgatatggcttttccacgaataaataacattagattttgattattaccttgttctttaatatttttattattaagaaatttatttactataactcctggaactggatggactgtttatcctcctttatcattgtatatatttcatccttcaccttctgttgatattataattttttctttgcatttgtcaggaatatcttcaattttaggggcaataaattttatagttacaattataataataaaaaatttgtcaataaattttgatcaaattaatttattttcttgatctctttttattactgcagttttattattattatctttaccggtattagcaggggctatcactatattattatttgaccgaaatttaaatacctctttttttgatccaatgggaggaggtgatccaattttatatcaacatttattttg------,,,
2019979,M,CladeX,Eumel,--------------------------tttaattattcggatggaattaagatgtcctggtaaatgaattggtaacgatcagttatataattcatttgtaacggctcatgcttttttaataattttttttatagtaataccttttttaattgggggttttggaaattgattaatgccaatgatattaggatctcctgatatggcttttccacgaataaataacattagattttgattattaccttgttctttaatatttttattattaagaaatttatttactataactcctggaactggatggactgtttatcctcctttgtcattgtatatatttcatccttcaccttctgttgatattataattttttctttgcatttgtcgggaatatcttcaattttaggggcaataaattttatagtaacaattataataataaaaaatttgtcaatcaattttgatcaaattaatttattttcttgatctctttttattactgcagttttattattattatctttaccggtattggcaggagctatcactatattattatttgaccgaaatttaaatacctctttttttgatccaatgggaggaggtgatccaattttataccaacatttattttgat----,,,
2019982,M,CladeCY,Eumel,---------------acttcaataagtttaattattcgtatggaattaagatgtcctggtaaatgaattggcaatgatcagttatataactcatttgtaacagctcatgcttttttgataattttttttatagtaataccttttttaattgggggttttggaaattgattaatgccaatgatattaggatctcctgatatggcttttccacgaataaataacattagattttgattattaccttgttctttaatatttttattattaagaaatttatttactataactcctggaactggatggactgtttatcctcctttatcattgtatatatttcatccttcaccttctgttgatattataattttttctttgcatttgtcaggaatatcttcaattttaggggcaataaattttatagttacaattataataataaaaaatttgtcaataaattttgatcaaattaatttattttcttgatctctttttattactgcagttttattattattatctttaccggtattagcaggggctatcactatattattatttgatcgaaatttaaatacctctttttttgatccaatgggaggaggtgatccaattttatatcaacatttattttg------,,,
2019988,M,robustior,Eumel,------------------tctatgagtttaattattcgaatagagttaaggtgtccaggtaaatgaattggtaatgatcaattgtataattcatttgtaacggctcatgcttttttaataattttttttatagtaataccttttttaattgggggttttggaaattgattaataccaataatattgggatctcctgatatggcttttcctcgaataaataatattagattttgattattaccttgttctttgatgtttttattattgagaaatttatttactataactcctggaactggatgaactgtttatcctcctttatcatcttatatatttcatccttctccttctgttgatgttataattttttctttacatttatctggtatatcttcgattttaggggcaataaattttatggttacaattataataataaaaaatttgtcaataaattttgatcagattaatttattttcttgatctctttttattactgcggttttattattattatctttaccagtgttggcaggtgctattactatgttattatttgatcgaaatttaaatacctctttttttgatccgatgggaggaggtgatccgattttatatcaacatttattttg------,,,
2022657,F,rivalis,Helio,------ataattggtacttcaataagtttaattattcggatggaattgagatgtcctggtaaatgaattggtaatgatcagttatataattcatttgtaacagctcatgcttttttaataattttttttatagtaataccttttttaattgggggttttggaaattgattaatgccaataatattaggatctcctgatatggcttttccgcgaataaataatattagattttgattgttgccttgttctttagtatttttattattaagtaatttatttactataactcctggaactggatggactgtttatcctcctttgtcattatatacatttcatccttcgccttctgttgatattataattttttctttacatttgtcgggtatatcttcaattttaggggcaataaattttatagtaacaattataataataaaaaatttgtcaataaattttgatcaaattaatttattttcttgatctctttttattactgcagttttattattattgtctttaccagtgttggcaggagctattactatattattatttgtcggaatttaaatacctctttttttgatccaatggggggtggtgatccaattttatatcaacatttattttg------,,,
2023468,F,lupinus,Calli,found,,,
2029772,M,CladeCY,Eumel,--------------------------tttaattattcgtatggaattaagatgtcctggtaaatgaattggcaatgatcagttatataactcatttgtaacagctcatgcttttttgataattttttttatagtaataccttttttaattgggggttttggaaattgattaatgccaatgatattaggatctcctgatatggcttttccacgaataaataatattagattttgattattaccttgttctttaatatttttattattaagaaatttatttactataactcctggaactggatggactgtttatcctcctttatcattgtatatatttcatccttcaccttctgttgatattataattttttctttgcatttgtcaggaatatcttcaattttaggggcaataaattttatagttacaattataataataaaaaatttgtcaataaattttgatcaaattaatttattttcttgatctctttttattactgcagttttattattattatctttaccggtattagcaggggctatcactatattattatttgatcgaaatttaaatacctctttttttgatccaatgggaggaggtgatccaattttatatcaacatttattttg------,,,
2029792,F,CladeX,Eumel,,,,
2029793,F,CladeX,Eumel,,,,
2030055,F,utahensis,Eumel,-------------------------------------gtatggaattaagatgtcctggtaaatgaattggtaatgatcagttatataattcatttgtaacggctcatgcttttttaataattttttttatagtaataccttttttgattgggggttttggaaattggttaatgccaataatattaggatctcctgatatggcttttccacgaatgaataatattagattttgattgttaccttgttctttaatgtttttattattaagaaatttatttactataactcctggaactggatggactgtttatcctcctttgtcattatatatatttcatccttcaccttctgttgatattataattttttctttgcatttgtcgggtatatcttcaattttaggagcaataaattttatagtaacaattataataataaaaaatttgtcaataaattttgatcagattaatttattttcttgatctctttttattactgcagttttattattgttatctttaccagtgttggcaggagctattactatattattatttgatcgaaatttaaatacttctttttttgatccaataggaggaggtgatccaattttatatcaacatttattttg------,,,
2030056,M,utahensis,Eumel,,,,
2030441,F,robustior,Eumel,--------aattggtacttctatgagtttaattattcgaatagagttaaggtgtccaggtaaatgaattggtaatgatcaattgtataattcatttgtaacggctcatgcttttttaataattttttttatagtaataccttttttaattgggggttttggaaattgattaataccaataatattgggatctcctgatatggcttttcctcgaataaataatattagattttgattattaccttgttctttgatgtttttattattgagaaatttatttactataactcctggaactggatgaactgtttatcctcctttatcatcttatatatttcatccttctccttctgttgatgttataattttttctttacatttatctggtatatcttcgattttaggggcaataaattttatggttacaattataataataaaaaatttgtcaataaattttgatcagattaatttattttcttgatctctttttattactgcggttttattattattatctttaccagtgttggcaggtgctattactatgttattatttgatcgaaatttaaatacctctttttttgatccgatgggaggaggtgatccgattttatatcaacatttattttg------,,,
2030744,M,CladeCY,Eumel,-------------------------------------agatggacttaagatgtcctggaaaatgaattggtaatgatcagttgtataactcatttgtaacagctcatgcttttttaataattttttttatagtaataccttttttaattgggggttttggaaattgattaataccaatgatattatgatctcctgatatggcttttccacgaataaataatattagattttgattattaccttgttctttaatatttttattattaagaaatttatttactataactcctggaactggatgaactatttaccctcctttgtcattatatatatttcatccttcaccttctgttgatattataattttttctttacatttgtcaggaatatcttcaattttaggggcaataaattttatagttacaattataataataaaaaatttgtcaataaattttgatcaaattaatttattttcctgatctctttttattactgcagttttattattattatctttaccagtattagcaggggctattactatattattatttgatcgaaatttaaatacctctttttttgatccaatgggaggaggtgatccaattttatatcaacatttattttg------,,,
2030936,F,USA01,Eumel,------ataattggtacttcaataagtttaattattcggatggaattaagatgtcctggtaaatgaattggtaacgatcagttatataattcatttgtaacggctcatgcttttttaataattttttttatagtaataccttttttaattgggggttttggaaattgattaatgccaatgatattaggatctcctgatatggcttttcctcgaataaataatattagattttgattattaccttgttctttaatgtttttattattaagaaatttatttactataactcctggaactggatggactgtttatcctcctttgtcattatatatatttcatccttcaccttctgttgatattataattttttctttacatttgtctggaatatcttcaattttaggagcaataaattttatagtaacaattataataataaaaaatttgtcaataaattttgatcaaattaatttattttcttgatctctttttattactgcagttttattattgttatctttaccggtattggcaggagctattactatattattatttgatcgaaatttaaatacttctttttttgatccaatgggaggaggtgatccaattttatatcaacatttattttg------,,,
2030937,M,CladeX,Eumel,,,,
2030961,M,CladeCY,Eumel,-------------------------------------gtatggaattnagatgtcctggtaaatgaattggcaatgatcagttatataactcatttgtaacagctcatgcttttttgataattttttttatagtaataccttttttaattgggggttttggaaattgattaatgccaatgatattaggatctcctgatatggcttttccacgaataaataatattagattttgattattaccttgttctttaatatttttattattaagaaatttatttactataactcctggaactggatggactgtttatcctcctttatcattgtatatatttcatccttcaccttctgttgatattataattttttctttgcatttgtcaggaatatcttcaattttaggggcaataaattttatagttacaattataataataaaaaatttgtcaataaattttgatcaaattaatttattttcttgatctctttttattactgcagttttattattattatctttaccggtattggcaggggctatcactatattattatttgatcgaaatttaaatacctctttttttgatccaatgggaggaggtgatccaattttatatcaacatttattttg------,,,
2030962,M,CladeCY,Eumel,---------------acttcaataagtttaattattcgtatagaattaagatgccctggtaaatgaattggtaatgatcagttgtataattcatttgtaacagctcatgcttttttaataattttttttatagtaataccttttttaattgggggttttggaaattgattaataccaatgatattaggatctcctgatatggcttttccacgaataaataatattagattttgattattaccttgttctttaatatttttattattaagnaatttatttactataactcctggaactggatgaactatttatcctcctttgtcattatatatatttcatccttcaccttctgttgatattataattttttctttacatttgtcaggaatatcatcaattttaggggcaataaattttatagttacaattataataataaaaaatttgtcaataaattttgatcagattaatttattttcctgatctctttttattactgcagttttattattattatctttaccagtattagcaggggctattactatattgttatttgatcgaaatttaaatacctctttttttgatccaatgggaggaggtgatccaattttatatcaacatttattttg------,,,
2030974,F,CladeCY,Eumel,-----------------------------------------------------------------aattggtaatgatcagttgtataattcatttgtaacagctcatgcttttttaataattttttttatagtaataccttttttaattgggggttttggaaattgattaataccaatgatattaggatctcctgatatggcttttccacgaataaataatattagattttgattattaccttgttctttaatatttttattattaagaaatttatttactataactcctggaactggatgaactgtttatcctcctttgtcattatatatatttcatccttcaccttctgttgatattataattttttctttacatttgtcaggaatatcatcaattttaggggcaataaattttatagttacaattataataataaaaaatttgtcaataaattttgatcaaattaatttattttcctgatctctttttattactgcagttttattattattatctttaccagtattagcaggggctattactatattgttatttgatcgaaatttaaatacctctttttttgatccaatgggaggaggtgatccaattttatatcaacatttattttg------,,,
2031174,M,utahensis,Eumel,-------------------------------------gtatggaattgagatgtcctggtaaatgaattggtaacgatcagttatataattcatttgtaacggctcatgcttttttaataattttttttatagtaataccttttttgattgggggttttggaaattggttaatgccaataatattaggatctcctgatatggcttttccacgaataaataatattagattttgattgttaccttgttctttaatgtttttattattaagaaatttatttactataactcctggaactggatggactgtttatccacctttgtcattatatatatttcatccttcaccttctgttgatattataattttttctttgcatttgtcgggtatatcttcaattttaggagcaataaattttatagtaacaattataataataaaaaatttgtcaataaattttgatcaaattaatttattttcttgatctctttttattactgcagttttattgttgttatctttaccagtgttggcaggagctattactatattattatttgatcgaaatttaaatacttctttttttgatccaataggaggaggtgatccaattttatatcaacatttgttttg------,,,
2031176,M,USA01,Eumel,--------------------------tttaattattcggatggaattaacatgtcctggtaaatgaattggtaacgatcagctatataattcatttgtaacggctcatgcttttttaataattttttttatagtaataccttttttaattgggggttttggaaattgattaatgccaatgatattaggatctcctgatatggcttttcctcgaataaataatattagattttgattattaccttgttctttaatgtttttattattaagaaatttatttactataactcctggaactggatggactgtttatcctcctttgtcattatatatatttcatccttcaccttctgttgatattataattttttctttacatttgtctggaatatcttcaattttaggagcaataaattttatagtaacaattataataataaaaaatttgtcaataaattttgatcaagttaatttattttcttgatcactttttattactgcagttttattactgttatctttaccggtattggcaggagctattactatattattatttgatcgaaatttaaatacttcattttttgatccaatgggaggaggtgatccaattttatatcaacatttattttgat----,,,
2031179,M,CladeCY,Eumel,-----------------------------------------------------tcctggtaaatgaattggtaatgatcagttgtataactcatttgtaacagctcatgcttttttgataattttttttatagtaataccttttttaattgggggttttggaaattgattaataccaatgatattaggatctcctgatatggcttttccacgaataaataatattagattttgattattaccttgttctttaatatttttattattaagaaatttatttactataactcctggaactggatgaactatttaccctcctttgtcattatatatatttcatccttcaccttctgttgatattataattttttctttacatttgtcaggaatatcttcaattttaggggcaataaattttatagttacaattataataataaaaaatttgtcaataaattttgatcaaattaatttattttcctgatctctttttattactgcagttttattattattatctttaccagtattagcaggggctattactatattattatttgatcgaaatttaaatacctctttttttgatccaatgggaggaggtgatccaattttatatcaacatttattttg------,,18-Jun,lines 1-3
2031355,M,bimatris,Eumel,---------------------------------------------------------------------------------ttgtataattcatttgtaacggctcatgcttttttaataattttttttatagtgataccttttttaattgggggttttggaaattgattaatgccaatgatgttaggatctcctgatatggcttttccacgaataaataatattagattttgattattaccttgttctttaatatttttattattaagaaatttatttactataactcctggaactggatggactgtttatcctcctttgnnnnnnnnngtgtttcatccttcaccttctgaaggggggataattttttctttacatttgtcaggaatatcttcaattttaggagcaataaattttatagtaacaattataataataaaaaatttgtcaataaattttgatcaaattaatttattttcttgatctctttttattactgcagttttgttattgttatctttgccggtgttggcaggtgctattactatattattatttgatcgaaatttaaatacctctttttttgatccaataggaggaggtgatccaattttataccaacatttattttg------,,19-Jul,lines 13-15
2033004,F,saponellus,Eumel,-------------------------------------gaatggaattgagatgtcctggtaaatgaattggcaatgatcaattatataattcatttgtaacggctcatgcttttttaataattttttttatagttataccttttttaattgggggttttggaaattggttaatgccaataatattggggtctcctgatatagcttttcctcgtatgaataatattagattttggttgttgccttgttctttagtatttttgttattaagaaatttatttactataactcctggaactggatggactgtttatcctcctttgtcatcttatatatttcatccttctccttctgttgatgttataattttttctttacatttgtctggtatgtcttcaattttgggtgcaataaattttatggtgacaattgcaatgataaaaaatttgtcaataaattttgatcaaattaatttattttcttgatctctttttattactgcggttttattgttattatctttaccagtcttggcaggggctattactatattattatttgatcggaatttaaatacttctttctttgatccgatgggagggggtgatccaattttatatcaacatttattttg------,,July 23 2019,Line 21
2033052,M,CladeCY,Eumel,--------------------------tttaattattcgtatagaattaagatgccctggaaaatgaattggtaatgatcagttgtataattcatttgtaacagctcatgcttttttaataattttttttatagtaataccttttttaattgggggttttggaaattgattaataccaatgatattaggatctcctgatatggcttttccacgaataaataatattagattttgattattaccttgttctttaatatttttattattaagtaatttatttactataactcctggaactggatgaactatttatcctcctttgtcattatatatatttcatccttcaccttctgttgatattataattttttctttacatttgtcaggaatatcatcaattttaggggcaataaattttatagttacaattataataataaaaaatttgtcaataaattttgatcagattaatttattttcctgatctctttttattactgcagttttattattattatctttaccagtattagcaggggctattactatattgttatttgatcgaaatttaaatacctctttttttgatccaatgggaggaggtgatccaattttatatcaacatttattttgat----,,24-Jul,lines 23 or 24
2033053,M,CladeCY,Eumel,---------------acttcaataagtttaattattcgtatagaattaagatgccctggtaaatgaattggtaatgatcagttgtataattcatttgtaacagctcatgcttttttaataattttttttatagtaataccttttttaattgggggttttggaaattgattaataccaatgatattaggatctcctgatatggcttttccacgaataaataatattagattttgattattaccttgttctttaatatttttattattaagnaatttatttactataactcctggaactggatgaactatttatcctcctttgtcattatatatatttcatccttcaccttctgttgatattataattttttctttacatttgtcaggaatatcatcaattttaggggcaataaattttatagttacaattataataataaaaaatttgtcaataaattttgatcagattaatttattttcctgatctctttttattactgcagttttattattattatctttaccagtattagcaggggctattactatattgttatttgatcgaaatttaaatacctctttttttgatccaatgggaggaggtgatccaattttatatcaacatttattttg------,,,
2033116,M,CladeCY,Eumel,-------------------------------------ggatggagttaagatgtcctggtaaatgaattggtaatgatcagttgtataactcatttgtaacagctcatgcttttttgataattttttttatagtaataccttttttaattgggggttttggaaattgattaataccaatgatattaggatctcctgatatggcttttccacgaataaataatattagattttgattattaccttgttctttaatatttttattattaagaaatttatttactataactcctggaactggatgaactatttaccctcctttgtcattatatatatttcatccttcaccttctgttgatattataattttttctttacatttgtcaggaatatcttcaattttaggggcaataaattttatagttacaattataataataaaaaatttgtcaataaattttgatcaaattaatttattttcctgatctctttttattactgcagttttattattattatctttaccagtattagcaggggctattactatattattatttgatcgaaatttaaatacctctttttttgatccaatgggaggaggtgatccaattttatatcaacatttattttg------,,,
2033185,F,utahensis,Eumel,------ataattggtacttcaataagtttaattattcgtatggaattaagatgtcctggtaaatgaattggtaatgatcagttatataattcatttgtaacggctcatgcttttttaataattttttttatagtaataccttttttgattgggggttttggaaattggttaatgccaataatattaggatctcctgatatggcttttccacgaatgaataatattagattttgattgttaccttgttctttaatgtttttattattaagaaatttatttactataactcctggaactggatggactgtttatcctcctttgtcattatatatatttcatccttcaccttctgttgatattataattttttctttgcatttgtcgggtatatcttcaattttaggagcaataaattttatagtaacaattataataataaaaaatttgtcaataaattttgatcagattaatttattttcttgatctctttttattactgcagttttattattgttatctttaccagtgttggcaggagctattactatattattatttgatcgaaatttaaatacttctttttttgatccaataggaggaggtgatccaattttatatcaacatttattttg------,,,
2033186,M,CladeCY,Eumel,-------------------------------------gtatagaattaagatgtcctggtaaatgaattggtaatgatcagttgtataattcatttgtaacagctcatgcttttttaataattttttttatggtaataccttttttaattgggggttttgggaattgattaataccaatgatattaggatctcctgatatggcttttccacgaataaataatattagattttgattattaccttgttctttaatatttttattattaagtaatttatttactataactcctggaactggatgaactatttatcctcctttgtcattatatatttttcatccttcaccttctgttgatattataattttttctttacatttgtcaggaatatcctcaattttaggggcaataaattttatagttacaattataataataaaaaatttgtcaataaattttgatcagattaatttattttcctgatctctttttattactgcagttttactattgttatctttaccagtattagcaggggctattactatgttgttgtttgatcgaaatttaaatacctctttttttgatccaatgggaggaggtgatccaattttatatcaacatttattttg------,,,
2033386,M,CladeX,Eumel,,,,
2036160,F,robustior,Eumel,--------aattggtacttctatgagtttaattattcgaatagagttaaggtgtccaggtaaatgaattggtaatgatcaattgtataattcatttgtaacggctcatgcttttttaataattttttttatagtaataccttttttaattgggggttttggaaattgattaataccaataatattgggatctcctgatatggcttttcctcgaataaataatattagattttgattattaccttgttctttgatgtttttattattgagaaatttatttactataactcctggaactggatgaactgtttatcctcctttatcatcttatatatttcatccttctccttctgttgatgttataattttttctttacatttatctggtatatcttcgattttaggggcaataaattttatggttacaattataataataaaaaatttgtcaataaattttgatcagattaatttattttcttgatctctttttattactgcggttttattattattatctttaccagtgttggcaggtgctattactatgttattatttgatcgaaatttaaatacctctttttttgatccgatgggaggaggtgatccaattttatatcaacatttattttg------,,,
2041819,M,communis,Meli,------------------tcaataagtttaattattcgtatagagttgaggtgtcctggtaaatgaattaataatgatcaattatataattcatttgttacagctcatgcttttttaataattttttttatggttataccttttttaattgggggttttggtaattgattaataccaataatattaggatctcctgatatagcttttcctcgaatgaataatattagattttgattacttccttgttctttattattattattattaaggaatttatttagggtaactccgggaacaggttgaactatttatcctccattatcatcatatatttttcatccttctccttcagttgatgtaataattttttctttacatttatctggtatatcctcaattttaggggcaataaattttatggtaacaattataataatgaaaaattactctatgaattttgatcagattaatttattttcttgatcattatttattacggctgtcttactattattatctttaccagtgttggcaggtgcaattactatattattatttgatcgtaatttaaatacttcattttttgaccctatagggggtggagatccaattttgtaccagcatttattttg------,,,
2042162,M,communis,Meli,-------------------------------------------------------------------------------------------------ttacagctcatgctcttttaataattttttttacggttataccttttttaattgggggttttggtaattgattaataccaataatattaggatctcctgatatagcttttcctcgaatgaataatattagattttgattacttccttgttctttattattattattattaaggaatttatttagggtaactccgggaacaggttgaactatttatcctccattatcatcatatatttttcatccttctccttcagttgatgtaataattttttctttacatttatctggtatatcctcaattttaggggcaataaattttatggtaacaattataataatgaaaaattactctatgaattttgatcagattaatttattttcttgatcattatttattacggctgtcttactattattatctttaccagtgttggcaggtgcaattactatattattatttgatcgtaatttaaatacttcattttttgaccctatagggggtggagatccaattttgtaccagcatttattttg------,,,
2045613,F,communis,Meli,--------agttggtacttcaataagtttaattattcgtatagagttgaggtgtcctggtaaatgaattaataatgatcaattatataattcatttgttacagctcatgcttttttaataattttttttatggttataccttttttaattgggggttttggtaattgattaataccaataatattaggatctcctgatatagctttccctcgaatgaataatattagattttgattacttccttgttctttattattattgttattaaggaatttatttagggtaactccgggaacaggttgaactatttatcctccattatcatcatatatttttcatccttctccttcagttgatgtaataattttttctttacatttatctggtatatcctcaattttaggggcaataaattttatggtaacaattataataatgaaaaattactctatgaattttgatcagattaatttattttcttgatcattatttattacggctgtcttactattattatctttaccagtgttggcaggtgcaattactatattattatttgatcgtaatttaaatacttcattttttgaccctatagggggtggagatccaattttgtaccagcatttattttg------,,,
2045642,F,communis,Meli,--------agttggtacttcaataagtttaattattcgtatagagttgaggtgtcctggtaaatgaattaataatgatcaattatataattcatttgttacagctcatgcttttttaatgattttttttatggttataccttttttaattgggggttttggtaattgattaataccaataatattaggatctcctgatatagcttttcctcgaatgaataatattagattttgattacttccttgttctttattattattattattaaggaatttatttagggtaactccgggaacaggttgaactatttatcctccattatcatcatatatttttcatccttctccttcagttgatgtaataattttttctttacatttatctggtatatcctcaattttaggggcaataaattttatggtaacaattataataatgaaaaattactctatgaattttgatcagattaatttattttcttgatcattatttattacggctgtcttactattattatctttaccagtgttggcaggtgcaattactatattattatttgatcgtaatttaaatacttcattttttgaccctatagggggtggagatccaattttgtaccagcatttattttg------,,,
2046888,M,bimatris,Eumel,------------------tcaataagtttaattattcgtatggaattgagatgtcctggtaaatgaattggcaatgatcaattatataattcatttgtaacggctcatgcttttttaataattttttttatagtgataccttttttaattgggggttttggaaattgattaatgccaatgatgttaggatctcctgatatggcttttccacgaataaataatattagattttgattattaccttgttctttaatatttttattattaagaaatttatttactataactcctggaactggatggactgtttatcctcctttgtcattatatatatttcatccttcaccttctgttgatattataattttttctttacatttgtcaggaatatcttcaattttaggagcaataaattttatagtaacaattataataataaaaaatttgtcaataaattttgatcaaattaatttattttcttgatctctttttattactgcagttttattattgttatctttgccggtgttggcaggtgctattactatattattatttgatcgaaatttaaatacctctttttttgatccaataggaggaggtgatccaattttataccaacatttattttg------,,,
2119346,M,CladeCY,Eumel,--------------------------tttaattattcgtatagaattaagatgccctggtaaatgaattggtaatgatcagttgtataattcatttgtaacagctcatgcttttttaataattttttttatagtaataccttttttaattgggggttttggaaattgattaataccaatgatattaggatctcctgatatggcttttccacgaataaataatattagattttgattattaccttgttctttaatatttttattattaagtaatttatttactataactcctggaactggatgaactatttatcctcctttgtcattatatatatttcatccttcaccttctgttgatattataattttttctttacatttgtcaggaatatcatcaattttaggggcaataaattttatagttacaattataataataaaaaatttgtcaataaattttgatcagattaatttattttcctgatctctttttattactgcagttttattattattatctttaccagtattagcaggggctattactatattgttatttgatcgaaatttaaatacctctttttttgatccaatgggaggaggtgatccaattttatatcaacatttattttgat----,,,
2122404,F,rivalis,Helio,------ataattggtacttcaataagtttaattattcggatggaattgagatgtcctggtaaatgaattggtaatgatcagttatataattcatttgtaacagctcatgcttttttaataattttttttatagtaataccttttttaattgggggttttggaaattgattaatgccaatgatattaggatctcctgatatggcttttccgcgaataaataatattagattttgattgttgccttgttctttagtatttttattattaaggaatttatttactataactcctggaactggatggactgtttatcctcctttgtcattatatatatttcatccttcaccttctgttgatattataattttttctttacatttgtcgggtatatcttcaattttaggggcaataaattttatagtaacaattataataataaaaaatttgtcaataaattttgatcaaattaatttattttcttgatctctttttattactgcagttttattattattgtctttaccagtgttggcaggagctattactatattattatttgatcggaatttaaatacctctttttttgatccaatggggggtggtgatccaattttatatcaacatttattttg------,,,
2122530,F,rivalis,Helio,------ataattggtacttcaataagtttaattattcggatggaattgagatgtcctggtaaatgaattggtaatgatcagttatataattcatttgtaacagctcatgcttttttaataattttttttatagtaataccttttttaattgggggttttggaaattgattaatgccaataatattaggatctcctgatatggcttttccgcgaataaataatattagattttgattgttgccttgttctttagtatttttattattaagtaatttatttactataactcctggaactggatggactgtttatcctcctttgtcattatatacatttcatccttcgccttctgttgatattataattttttctttacatttgtcgggtatatcttcaattttaggggcaataaattttatagtaacaattataataataaaaaatttgtcaataaattttgatcaaattaatttattttcttgatctctttttattactgcagttttattattattgtctttaccagtgttggcaggagctattactatattattatttgatcggaatttaaatacctctttttttgatccaatggggggtggtgatccaattttatatcaacatttattttg------,,,
2500725,M,CladeCY,Eumel,-,,,
2500726,F,CladeCY,Eumel,-,,,
2500727,F,CladeCY,Eumel,-,,,
2500728,F,CladeCY,Eumel,-,,,
2500732,M,CladeCY,Eumel,,,,
2500733,M,CladeCY,Eumel,,,,
2500736,F,CladeCY,Eumel,,,,
2500737,F,CladeCY,Eumel,,,,
2500739,F,CladeCY,Eumel,,,,
2500740,M,CladeCY,Eumel,,,,
2500742,F,CladeCY,Eumel,,,,
2500743,M,CladeCY,Eumel,,,,
2500744,M,CladeCY,Eumel,,,,
2500745,M,CladeCY,Eumel,,,,
2500746,M,CladeCY,Eumel,,,,
18001001,F,CladeCY,Eumel,------------------------------------------------------------aaatgaattggnaatgatcagttatataantcatttgtaacagctcatgcttttttgataattttttttatagtaataccttttttaattggggggtttggaaattgattaataccaatgatattaggatctcctgatatggcttttccacgaataaataacattagattttgattattaccttgttctttaatatttttattattaagaaatttatttactataactcctggaactggatggactgtttatcctcctttatcattgtatatatttcatccttcaccttctgttgatattataattttttctttgcatttgtcaggaatatcttcaattttaggggcaataaattttatagttacaattataataataaaaaatttgtcaataaattttgatcaaattaatttattttcttgatctctttttattactgcagttttattattattatctttaccggtattagcaggggctatcactatattattatttgatcgaaatttaaatacctctttttttgatccaatgggaggaggtgatccaattttatatcaacatttattttg------,,,
18029014,M,bimatris,Eumel,-----------------------------------------------------------------------------tcaattatataattcatttgtaacggctcatgcttttttaataattttttttatagtgataccttttttaattgggggttttggaaattgattaatgccaatgatgttaggatctcctgatatggcttttccacgaataaataatattagattttgattattaccttgttctttaatgtttttattattaagaaatttatttactataactcctggaactggatggactgtttaccctcctttgtcannnnatatatttcatccttcaccttctgttgatattataattttttctttacatttgtcaggaatatcttcaattttaggagcaataaattttatagtaacaattataataataaaaaatttgtcaataaattttgatcaaattaatttattttcttgatctctttttattactgcagttttattattgttatctttaccggttttggcaggtgctattactatattattatttgatcgaaatttaaatacctctttttttgatccaatgggaggaggtgatccaattttatatcaacatttattttg------,Rocky Bessette,,
18030003,F,CladeX,Eumel,--------------------------tttaatcattcggatggaattgagatgtcctggtaaatgaattggtaacgatcagttatataattcatttgtcacggctcatgcttttttaataattttttttatagcaataccttttttaagtgggggttttggaaattgattaatgccaatgatattaggatctcctgatttggcttttccacaaaaaaataaaattagattttgattattaccttgttctttaatatttttattattaagaaatttatttactacagctcctggaactggatggactgcttctcctcctttgtcattatatatatctcctccttcaccttctgttgatattattattttttctttgcattggacgggtatatcttcaagggtaggggcattaaattttatagtaacaattataataataaaaaatttgtcaataaattttgatcaaattattttattttcttgatctctttttattactgcagttttattattattatctttaccaggattggcaggagctattactatattattatttgatcgaaatttaaattcctctttttttgatccaatgggaggaggtgatccaattttataccaacatttattttg------,,,
18050008,F,robustior,Eumel,ctgggtataattggtacttctatgagtttaattattcgaatagagttaaggtgtccaggtaaatgaattggtaatgatcaattgtataattcatttgtaacggctcatgcttttttaataattttttttatagtaataccttttttaattgggggttttggaaattgattaataccaataatattgggatctcctgatatggcttttcctcgaataaataatattagattttgattattaccttgttctttgatgtttttattattgagaaatttatttactataactcctggaactggatgaactgtttatcctcctttatcatcttatatatttcatccttctccttctgttgatgttataattttttctttacatttatctggtatatcttctattttaggggcaataaattttatggttacaattataataataaaaaatttgtcaataaattttgatcagattaatttattttcttgatctctttttattactgcggttttattattattatctttaccagtgttggcaggtgctattactatgttattatttgatcggaatttaaatacctctttttttgatccgatgggaggaggtgatccgattttatatcagcatttattttg------,Lori Humphreys,,
18062005,F,CladeX,Eumel,,,,
18064001,F,CladeX,Eumel,--------------------------tttaattattcggatggaattgagatgtcctggtaaatgaattggtaacgatcagttatataattcatttgtaacggctcatgcttttttaataattttttttatagtaataccttttttaattgggggttttggaaattgattaatgccaatgatattaggatctcctgatatggcttttccacgaataaataatattagattttgattattaccttgttctttaatatttttattattaagaaatttatttactataactcctggaactggatggactgtttatcctcctttgtcattatatatatttcatccttcaccttctgttgatattataattttttctttgcatttgtcgggaatatcttcaattttaggggcaataaattttatagtaacaattataataataaaaaatttgtcaataaattttgatcaaattaatttattttcttgatctctttttattactgcagttttattattattatctttaccggtattggcaggagctatcactatattattatttgatcgaaatttaaatacctctttttttgatccaatgggaggaggtgatccaattttataccaacatttattttgat----,,,
18067001,F,CladeX,Eumel,,,,
18161001,F,CladeCY,Eumel,-------------------------------------------------------------aatgaattggcaatgatcagttatataactcatttgtaacagctcatgcttttttgataattttttttatagtaataccttttttaattgggggttttggaaattgattaatgccaatgatattaggatctcctgatatggcttttccacgaataaataacattagattttgattattaccttgttctttaatatttttattattaagaaatttatttactataactcctggaactggatggactgtttatcctcctttatcattgtatatatttcatccttcaccttctgttgatattataattttttctttgcatttgtcaggaatatcttcaattttaggggcaataaattttatagttacaattataataataaaaaatttgtcaataaattttgatcaaattaatttattttcttgatctctttttattactgcagttttattattattatctttaccggtattagcaggggctatcactatattattatttgatcgaaatttaaatacctctttttttgatccaatgggaggaggtgatccaattttatatcaacatttattttg------,,,
18187007,F,CladeCY,Eumel,------------------------------------------------------cctggtaaatgaattggcaatgatcagttatataactcatttgtaacagctcatgcttttttgataattttttttatagtaataccttttttaattgggggttttggaaattgattaatgccaatgatattaggatctcctgatatggcttttccacgaataaataatattagattttgattattaccttgttctttaatatttttattattaagaaatttatttactataactcctggaactggatggactgtttatcctcctttgtcattatatatatttcatccttcaccttctgttgatattataattttttctttgcatttgtcaggaatatcttcaattttaggggcaataaattttatagttacaattataataataaaaaatttgtcaataaattttgatcaaattaatttattttcttgatctctttttattactgcagttttattattattatctttaccagtattagcaggggctattactatattattatttgatcgaaatttaaatacctctttttttgatccaatgggaggaggtgatccaattttatatcaacatttattttg------,,,
18187012,M,bimatris,Eumel,--------------------------------------------------------------------------------------------------------tcatgcttttttaataattttttttatagtgataccttttttaattgggggttttggaaattgattaatgccaatgatgttaggatctcctgatatggcttttccacgaataaataatattagattttgattattaccttgttctttaatgtttttattattaagaaatttatttactataactcctggaactggatggactgtttaccctcctttgtcattatatatatttcatccttcaccttcngttgatattataattttttctttacatttgtcaggaatatcttcaattttaggagcaataaattttatagtaacaattataataataaaaaatttgtcaataaattttgatcaaattaatttattttcttgatctctttttattactgcagttttattattgttatctttaccggtattggcaggtgctattactatattattatttgatcgaaatttaaatacctctttttttgatccaatgggaggaggtgatccaattttatatcaacatttattttg------,G.Pederson,,
18225002,F,CladeX,Eumel,,,,
